symbol,ts,prev_ts,prev_close,close,ratio,cal_days,open_days_thieu,prev_volume,volume,idx,cause,detail
BLI,2016-01-21,2016-01-19,3356.047,4362.86,1.3,2,1,200,100,4,bar_thieu,open_days_thieu=1
PJS,2016-01-26,2016-01-22,7721.429,9668.008,1.252101,4,1,900,100,9,bar_thieu,open_days_thieu=1
BVN,2016-02-04,2016-02-03,7360.0,9451.0,1.284103,1,0,200,300,23,khong_giai_thich_duoc,
UEM,2016-03-23,2016-02-03,4473.119,6262.367,1.4,49,29,100,100,1,niem_yet_moi,index=1
HNB,2016-03-25,2016-03-18,12348.381,15468.671,1.252688,7,4,300,100,7,bar_thieu,open_days_thieu=4
VLC,2016-03-29,2016-03-28,8861.752,11130.36,1.256,1,0,300,100,15,khong_giai_thich_duoc,
HNB,2016-03-31,2016-03-30,13676.164,18057.847,1.320388,1,0,200,100,9,khong_giai_thich_duoc,
PEQ,2016-03-31,2016-03-30,2469.985,3087.482,1.25,1,0,4100,2000,13,khong_giai_thich_duoc,
TVN,2016-04-04,2016-04-01,9308.04,6743.58,0.72449,3,0,39437,6000,34,nghi_chia_tach_le,ty_le=10:4
TDM,2016-04-08,2016-04-05,4974.72,6815.367,1.37,3,2,27500,100,1,niem_yet_moi,index=1
MDF,2016-04-12,2016-02-16,3010.62,4214.867,1.4,56,39,100,100,7,tro_lai_sau_dinh_chi,open_days_thieu=39
MDF,2016-04-14,2016-04-13,4816.991,3537.478,0.734375,1,0,300,200,9,khong_giai_thich_duoc,
QCC,2016-04-14,2016-04-08,1674.622,2135.143,1.275,6,3,400,100,22,bar_thieu,open_days_thieu=3
RCD,2016-04-14,2016-04-13,4307.0,5653.0,1.312515,1,0,25200,1085500,68,khong_giai_thich_duoc,
PTE,2016-04-21,2016-04-20,2400.0,3100.0,1.291667,1,0,48000,2000,72,khong_giai_thich_duoc,
LM3,2016-04-27,2016-04-26,1900.0,2400.0,1.263158,1,0,5100,500,76,khong_giai_thich_duoc,
UEM,2016-05-05,2016-04-29,4562.582,6083.442,1.333333,6,1,200,100,4,bar_thieu,open_days_thieu=1
CID,2016-05-11,2016-04-28,1653.803,2180.014,1.318182,13,6,600,100,12,bar_thieu,open_days_thieu=6
VTI,2016-05-11,2016-05-10,4200.0,3100.0,0.738095,1,0,500,300,84,khong_giai_thich_duoc,
DAC,2016-05-13,2016-05-12,3400.0,4600.0,1.352941,1,0,600,1300,80,khong_giai_thich_duoc,
PTH,2016-05-16,2016-03-28,1903.13,2644.943,1.389786,49,31,100,1600,2,niem_yet_moi,index=2
VDN,2016-05-16,2016-03-31,3943.096,5513.923,1.398374,46,28,1500,100,1,niem_yet_moi,index=1
UEM,2016-05-18,2016-05-06,6978.065,5188.818,0.74359,12,7,200,100,6,bar_thieu,open_days_thieu=7
PEQ,2016-05-20,2016-05-16,2605.699,1954.274,0.75,4,3,200,100,21,bar_thieu,open_days_thieu=3
VNI,2016-05-30,2016-05-27,3400.0,4500.0,1.323529,3,0,15800,400,97,khong_giai_thich_duoc,
MIC,2016-06-02,2016-06-01,2838.88,3613.12,1.272727,1,0,2700,100,100,khong_giai_thich_duoc,
BHP,2016-06-17,2016-05-04,6029.999,3716.162,0.616279,44,31,3000,100,5,tro_lai_sau_dinh_chi,open_days_thieu=31
THW,2016-06-17,2016-05-05,8135.735,4757.337,0.584746,43,30,8900,100,11,tro_lai_sau_dinh_chi,open_days_thieu=30
BCP,2016-07-04,2016-07-01,3674.0,5343.0,1.454273,3,0,1700,100,122,khong_giai_thich_duoc,
IN4,2016-07-05,2016-05-12,12862.747,17970.205,1.397074,54,37,5500,100,24,tro_lai_sau_dinh_chi,open_days_thieu=37
PTH,2016-07-06,2016-05-16,2644.943,3386.817,1.280488,51,36,1600,200,3,tro_lai_sau_dinh_chi,open_days_thieu=36
CNN,2016-07-13,2016-06-01,10956.531,15326.1,1.39881,42,29,100,100,1,niem_yet_moi,index=1
VDT,2016-07-15,2016-07-14,6935.424,8916.974,1.285714,1,0,2580,2000,35,khong_giai_thich_duoc,
PEQ,2016-07-27,2016-07-26,3881.406,2578.556,0.664336,1,0,2300,2000,28,chia_tach_manh_da_biet,trung 51 su kien da biet (a7c6c41)
TMW,2016-08-08,2016-06-27,5167.73,7224.788,1.398058,42,29,100,100,17,tro_lai_sau_dinh_chi,open_days_thieu=29
BHP,2016-08-10,2016-06-17,3716.162,5048.371,1.358491,54,37,100,100,6,tro_lai_sau_dinh_chi,open_days_thieu=37
MTH,2016-08-11,2016-08-10,15022.574,11227.398,0.747368,1,0,200,1000,65,khong_giai_thich_duoc,
PVO,2016-08-15,2016-08-12,3051.379,3948.843,1.294118,3,0,1300,26400,56,khong_giai_thich_duoc,
TDM,2016-08-17,2016-08-12,10894.637,14327.194,1.315069,5,2,100,100,30,bar_thieu,open_days_thieu=2
HU6,2016-08-19,2016-08-12,5695.253,7428.591,1.304348,7,4,100,100,1,niem_yet_moi,index=1
BWA,2016-08-23,2016-06-29,2228.497,3119.897,1.400001,55,38,100,100,4,tro_lai_sau_dinh_chi,open_days_thieu=38
CNN,2016-08-26,2016-07-13,15326.1,9195.66,0.6,44,31,100,100,2,niem_yet_moi,index=2
PJS,2016-09-23,2016-09-19,11042.07,8212.54,0.74375,4,3,200,110,87,bar_thieu,open_days_thieu=3
RAT,2016-09-23,2016-08-15,11410.952,6846.571,0.6,39,27,900,100,1,niem_yet_moi,index=1
PTE,2016-10-07,2016-10-06,2000.0,2600.0,1.3,1,0,100,100,190,khong_giai_thich_duoc,
TBD,2016-10-07,2016-10-06,16790.866,21139.58,1.258993,1,0,200,100,111,khong_giai_thich_duoc,
TTG,2016-10-07,2016-10-06,5410.0,4011.0,0.741405,1,0,200,200,190,khong_giai_thich_duoc,
TGP,2016-10-11,2016-10-04,3278.865,4177.909,1.274194,7,4,300,100,55,bar_thieu,open_days_thieu=4
MTH,2016-11-01,2016-10-31,12123.481,15233.417,1.256522,1,0,200,100,117,khong_giai_thich_duoc,
ICC,2016-11-02,2016-09-26,43905.317,26592.652,0.605682,37,26,300,100,14,tro_lai_sau_dinh_chi,open_days_thieu=26
DGT,2016-11-03,2016-11-02,3411.0,4737.0,1.388742,1,0,1500,500,209,khong_giai_thich_duoc,
TW3,2016-11-16,2016-11-15,15062.963,11257.582,0.747368,1,0,7600,1000,9,khong_giai_thich_duoc,
VRG,2016-11-25,2016-11-24,1555.655,2053.465,1.32,1,0,200,200,70,khong_giai_thich_duoc,
HHV,2016-11-28,2016-10-12,2104.215,2945.902,1.4,47,32,100,100,24,tro_lai_sau_dinh_chi,open_days_thieu=32
HND,2016-11-30,2016-11-29,5102.111,6643.373,1.302083,1,0,8000,43700,36,khong_giai_thich_duoc,
RCC,2016-12-05,2016-12-02,5871.957,7916.268,1.348148,3,0,33300,42500,1,niem_yet_moi,index=1
HU4,2016-12-06,2016-12-05,3220.556,2294.095,0.712329,1,0,1100,1000,99,nghi_chia_tach_le,ty_le=10:4
CNN,2016-12-07,2016-10-28,5673.918,3586.959,0.632184,40,27,100,100,7,tro_lai_sau_dinh_chi,open_days_thieu=27
PID,2016-12-12,2016-12-09,3500.0,4600.0,1.314286,3,0,1900,200,231,khong_giai_thich_duoc,
QPH,2016-12-12,2016-12-09,6731.947,9060.837,1.345946,3,0,200,200,48,khong_giai_thich_duoc,
PID,2016-12-15,2016-12-14,4000.0,5800.0,1.45,1,0,1200,200,234,khong_giai_thich_duoc,
RCD,2016-12-19,2016-12-16,13037.0,16818.0,1.290021,3,0,5200,3400,241,khong_giai_thich_duoc,
CNN,2016-12-22,2016-12-21,3326.089,4239.134,1.27451,1,0,200,100,9,khong_giai_thich_duoc,
TVB,2016-12-23,2016-12-22,1726.183,2196.96,1.272727,1,0,7200,7100,245,khong_giai_thich_duoc,
QCC,2016-12-26,2016-11-15,4527.504,3233.931,0.714286,41,28,100,500,121,tro_lai_sau_dinh_chi,open_days_thieu=28
RTB,2016-12-26,2016-12-23,7031.85,9027.987,1.283871,3,0,200,100,21,khong_giai_thich_duoc,
KSV,2016-12-30,2016-11-15,3404.955,2051.704,0.602564,45,32,200,100,2,niem_yet_moi,index=2
RCD,2016-12-30,2016-12-29,14730.0,18568.0,1.260557,1,0,3700,4200,250,khong_giai_thich_duoc,
MTP,2017-01-04,2016-11-24,7212.76,4347.417,0.60274,41,27,100,300,44,tro_lai_sau_dinh_chi,open_days_thieu=27
CNN,2017-01-05,2017-01-04,7826.094,10630.444,1.358333,1,0,1500,1100,17,khong_giai_thich_duoc,
VNI,2017-01-06,2017-01-05,4700.0,3100.0,0.659574,1,0,3100,1100,254,chia_tach_manh_da_biet,trung 51 su kien da biet (a7c6c41)
PID,2017-01-12,2017-01-11,5700.0,7200.0,1.263158,1,0,2500,100,253,khong_giai_thich_duoc,
QCC,2017-01-17,2017-01-13,2864.339,4065.513,1.419355,4,1,600,100,127,bar_thieu,open_days_thieu=1
AGP,2017-02-08,2017-01-13,6865.496,8732.911,1.272,26,12,1100,100,83,tro_lai_sau_dinh_chi,open_days_thieu=12
AMP,2017-02-10,2017-02-09,23958.0,17729.0,0.740003,1,0,1100,5000,16,khong_giai_thich_duoc,
DBM,2017-02-10,2017-02-09,16637.249,12369.903,0.743507,1,0,200,100,43,khong_giai_thich_duoc,
HU4,2017-02-17,2017-02-16,1985.275,2647.032,1.333333,1,0,300,2300,130,khong_giai_thich_duoc,
TNP,2017-02-17,2016-12-28,9939.898,5996.133,0.603239,51,30,100,100,4,tro_lai_sau_dinh_chi,open_days_thieu=30
AGX,2017-02-23,2016-12-30,13931.774,8722.502,0.626087,55,32,1600,100,37,tro_lai_sau_dinh_chi,open_days_thieu=32
BTD,2017-03-03,2017-03-02,10465.0,13265.493,1.267606,1,0,20000,100,1,niem_yet_moi,index=1
PEQ,2017-03-03,2017-01-10,3745.692,2252.844,0.601449,52,32,3900,100,35,tro_lai_sau_dinh_chi,open_days_thieu=32
VHF,2017-03-03,2017-01-06,14848.689,7689.5,0.517857,56,34,2800,2000,16,tro_lai_sau_dinh_chi,open_days_thieu=34
VLB,2017-03-10,2017-03-09,23328.203,30681.084,1.315193,1,0,1200,100,51,khong_giai_thich_duoc,
HDP,2017-03-20,2017-03-17,10409.072,13438.943,1.29108,3,0,2300,570,2,niem_yet_moi,index=2
DNL,2017-03-21,2017-03-20,5633.431,7077.901,1.25641,1,0,200,10,130,khong_giai_thich_duoc,
DBM,2017-03-22,2017-03-15,9398.966,12045.801,1.281609,7,4,300,30,54,bar_thieu,open_days_thieu=4
QHW,2017-03-22,2017-03-20,13684.895,18081.4,1.321267,2,1,100,10,3,bar_thieu,open_days_thieu=1
SD8,2017-03-22,2017-03-20,700.0,900.0,1.285714,2,1,100,70,301,bar_thieu,open_days_thieu=1
SJM,2017-03-22,2017-03-20,700.0,900.0,1.285714,2,1,3000,10,301,bar_thieu,open_days_thieu=1
VFC,2017-03-22,2017-03-16,7207.177,9129.091,1.266667,6,3,200,11,105,bar_thieu,open_days_thieu=3
RCD,2017-03-23,2017-03-22,26910.0,16761.0,0.622854,1,0,610,36400,302,nghi_chia_tach_le,ty_le=5:8
VIN,2017-03-23,2017-03-15,6171.542,7905.694,1.280992,8,5,700,100,152,bar_thieu,open_days_thieu=5
NNT,2017-04-14,2017-04-13,6699.905,8714.257,1.300654,1,0,1700,1100,96,khong_giai_thich_duoc,
S12,2017-04-28,2017-04-27,600.0,800.0,1.333333,1,0,6100,2800,308,khong_giai_thich_duoc,
HLB,2017-05-10,2017-05-09,10118.403,13524.111,1.336586,1,0,200,100,40,khong_giai_thich_duoc,
BTU,2017-05-15,2017-05-12,4145.978,3100.146,0.747748,3,0,200,100,40,khong_giai_thich_duoc,
PVH,2017-05-24,2017-05-23,6600.0,3400.0,0.515152,1,0,18200,1300,3,khong_giai_thich_duoc,
MTH,2017-05-29,2017-05-26,7722.384,5736.628,0.742857,3,0,200,4900,201,khong_giai_thich_duoc,
VNF,2017-05-29,2017-05-26,10530.808,13208.413,1.254264,3,0,200,100,195,khong_giai_thich_duoc,
CNN,2017-06-02,2017-06-01,9691.885,12235.145,1.262411,1,0,300,200,77,khong_giai_thich_duoc,
PVR,2017-06-02,2017-05-25,2800.0,3900.0,1.392857,8,5,16900,11600,346,bar_thieu,open_days_thieu=5
BT6,2017-06-14,2017-06-13,5700.0,23900.0,4.192982,1,0,4000,60,68,khong_giai_thich_duoc,
VNI,2017-06-14,2017-06-13,9300.0,25000.0,2.688172,1,0,1400,10,358,khong_giai_thich_duoc,
BT6,2017-06-15,2017-06-14,23900.0,5500.0,0.230126,1,0,60,13320,69,khong_giai_thich_duoc,
YBC,2017-06-15,2017-06-14,3100.0,4400.0,1.419355,1,0,1000,100,359,khong_giai_thich_duoc,
PTE,2017-06-22,2017-06-21,2800.0,2000.0,0.714286,1,0,500,200,364,nghi_chia_tach_le,ty_le=10:4
ND2,2017-07-05,2017-07-04,9640.611,7054.105,0.731707,1,0,900,1000,291,khong_giai_thich_duoc,
VLW,2017-07-24,2017-07-21,6585.468,4849.299,0.736364,3,0,1000,3110,5,khong_giai_thich_duoc,
HTE,2017-07-31,2017-07-28,7854.0,5601.0,0.71314,3,0,1500,2900,5,nghi_chia_tach_le,ty_le=10:4
HBD,2017-08-09,2017-08-08,7170.773,4809.664,0.670732,1,0,1100,10000,136,chia_tach_manh_da_biet,trung 51 su kien da biet (a7c6c41)
HLB,2017-08-16,2017-08-15,18509.904,13077.649,0.706522,1,0,1140,5000,110,nghi_chia_tach_le,ty_le=7:10
PVP,2017-08-18,2017-08-17,3888.016,2625.674,0.675325,1,0,2900,700,135,chia_tach_manh_da_biet,trung 51 su kien da biet (a7c6c41)
EME,2017-08-23,2017-08-22,22911.9,16365.644,0.714286,1,0,1100,1000,26,nghi_chia_tach_le,ty_le=10:4
KSV,2017-08-23,2017-08-22,3488.728,4636.917,1.329114,1,0,400,500,109,khong_giai_thich_duoc,
CKD,2017-08-24,2017-08-23,3695.111,4939.01,1.336634,1,0,200,100,199,khong_giai_thich_duoc,
DFC,2017-08-25,2017-08-24,13330.15,8660.607,0.649701,1,0,2100,2500,108,khong_giai_thich_duoc,
PVP,2017-08-28,2017-08-25,2272.218,2928.636,1.288889,3,0,200,1500,141,khong_giai_thich_duoc,
DNW,2017-08-29,2017-08-28,8427.655,10799.884,1.281482,1,0,200,100,215,khong_giai_thich_duoc,
IFS,2017-10-12,2017-10-11,6705.072,8507.511,1.268817,1,0,3030,123,190,khong_giai_thich_duoc,
VMG,2017-10-12,2017-10-11,3900.0,2200.0,0.564103,1,0,2200,3000,1,niem_yet_moi,index=1
UPC,2017-10-13,2017-10-12,9397.212,12364.753,1.31579,1,0,600,100,122,khong_giai_thich_duoc,
SDY,2017-10-20,2017-10-19,3900.0,6000.0,1.538462,1,0,210000,220000,445,khong_giai_thich_duoc,
DBM,2017-11-08,2017-11-07,16718.188,12452.168,0.744828,1,0,300,100,214,khong_giai_thich_duoc,
VLB,2017-11-08,2017-11-07,16585.858,20938.958,1.262459,1,0,6400,400,212,khong_giai_thich_duoc,
CNN,2017-11-14,2017-11-13,10310.516,7492.308,0.726667,1,0,2800,2500,191,khong_giai_thich_duoc,
QHW,2017-11-17,2017-11-16,11562.848,16343.019,1.413408,1,0,300,100,171,khong_giai_thich_duoc,
CMN,2017-11-27,2017-11-24,5157.078,6640.015,1.287554,3,0,7000,1100,97,khong_giai_thich_duoc,
DGT,2017-11-29,2017-11-28,9400.0,13200.0,1.404255,1,0,300,800,477,khong_giai_thich_duoc,
MTG,2017-12-06,2017-12-05,3927.612,2903.018,0.739131,1,0,200,200,483,khong_giai_thich_duoc,
TPS,2017-12-26,2017-12-25,9256.519,12179.63,1.315789,1,0,9600,100,262,khong_giai_thich_duoc,
PEQ,2018-01-10,2018-01-09,7123.288,9386.417,1.317708,1,0,700,900,240,khong_giai_thich_duoc,
VIW,2018-01-24,2018-01-23,8200.0,6100.0,0.743902,1,0,3200,11600,13,khong_giai_thich_duoc,
HEC,2018-01-31,2018-01-30,6692.057,4976.145,0.74359,1,0,300,100,235,khong_giai_thich_duoc,
DGT,2018-02-09,2018-02-08,18800.0,12200.0,0.648936,1,0,9,5000,528,khong_giai_thich_duoc,
BCP,2018-02-21,2018-02-13,3331.0,4252.0,1.276494,8,0,200,800,531,khong_giai_thich_duoc,
TUG,2018-02-22,2018-02-21,2788.595,3571.358,1.280702,1,0,1400,900,241,khong_giai_thich_duoc,
ILA,2018-03-06,2018-03-05,6491.583,8294.8,1.277778,1,0,12100,20400,60,khong_giai_thich_duoc,
VET,2018-03-14,2018-03-13,22269.222,30008.689,1.347541,1,0,2000,200,59,khong_giai_thich_duoc,
VFC,2018-03-14,2018-03-13,8936.899,11531.483,1.290323,1,0,3100,1000,330,khong_giai_thich_duoc,
HPW,2018-03-15,2018-03-14,6511.062,9336.616,1.433962,1,0,700,500,252,khong_giai_thich_duoc,
GND,2018-03-29,2018-03-28,14429.349,20289.544,1.40613,1,0,300,200,266,khong_giai_thich_duoc,
PMT,2018-03-29,2018-03-28,3500.486,4477.366,1.27907,1,0,200,100,346,khong_giai_thich_duoc,
BSG,2018-04-03,2018-04-02,7800.0,9874.0,1.265897,1,0,2200,100,339,khong_giai_thich_duoc,
VAV,2018-04-04,2018-04-03,11314.928,8375.0,0.740173,1,0,1300,400,173,khong_giai_thich_duoc,
HDP,2018-04-20,2018-04-18,7525.733,10482.271,1.392857,2,1,200,100,271,bar_thieu,open_days_thieu=1
NAW,2018-04-20,2018-04-18,11717.4,15391.5,1.313559,2,1,100,100,176,bar_thieu,open_days_thieu=1
TUG,2018-04-20,2018-04-18,2739.672,3571.358,1.303571,2,1,100,100,281,bar_thieu,open_days_thieu=1
VVN,2018-04-20,2018-04-18,5500.0,4000.0,0.727273,2,1,1100,200,126,bar_thieu,open_days_thieu=1
TUG,2018-04-26,2018-04-24,2641.827,3522.435,1.333333,2,0,200,600,284,khong_giai_thich_duoc,
PEQ,2018-05-08,2018-05-07,11612.445,17728.026,1.52664,1,0,100,100,315,khong_giai_thich_duoc,
PEQ,2018-05-10,2018-05-09,15308.323,22962.484,1.5,1,0,1500,300,317,khong_giai_thich_duoc,
CMW,2018-05-11,2018-05-10,6009.927,7549.056,1.256098,1,0,17300,58900,271,khong_giai_thich_duoc,
NAW,2018-05-11,2018-05-10,13107.6,16483.8,1.257576,1,0,540000,273400,188,khong_giai_thich_duoc,
PEQ,2018-05-15,2018-05-14,26369.821,18271.225,0.692884,1,0,15000,2700,320,nghi_chia_tach_le,ty_le=7:10
VTX,2018-05-18,2018-05-17,10213.0,12882.0,1.261334,1,0,54,18000,589,khong_giai_thich_duoc,
SID,2018-05-30,2018-05-29,18285.124,12433.688,0.679989,1,0,3210,200,342,khong_giai_thich_duoc,
PVH,2018-06-01,2018-05-31,1500.0,1900.0,1.266667,1,0,16100,300,259,khong_giai_thich_duoc,
NAW,2018-06-08,2018-06-07,6454.5,4766.4,0.738462,1,0,4100,3000,208,khong_giai_thich_duoc,
IPA,2018-06-13,2018-06-12,4208.165,5583.11,1.326733,1,0,200,200,483,khong_giai_thich_duoc,
EME,2018-06-14,2018-06-13,53679.31,38050.121,0.708841,1,0,72720,28200,224,nghi_chia_tach_le,ty_le=10:4
VFC,2018-06-14,2018-06-13,8552.517,11723.674,1.370786,1,0,300,200,390,khong_giai_thich_duoc,
TV1,2018-06-22,2018-06-12,13157.604,17829.506,1.355072,10,7,2560,2100,609,bar_thieu,open_days_thieu=7
QTP,2018-06-29,2018-06-28,4958.799,6254.848,1.261363,1,0,44000,100010,316,khong_giai_thich_duoc,
CMN,2018-07-04,2018-07-03,8448.037,11034.656,1.30618,1,0,2100,100,240,khong_giai_thich_duoc,
CCM,2018-07-06,2018-06-28,12688.89,17638.951,1.39011,8,5,53400,100,324,bar_thieu,open_days_thieu=5
MRF,2018-07-09,2018-07-06,7517.854,9647.913,1.283333,3,0,730,4500,135,khong_giai_thich_duoc,
STT,2018-07-13,2018-07-05,5070.0,7000.0,1.380671,8,5,790,3100,626,bar_thieu,open_days_thieu=5
DBM,2018-07-16,2018-07-13,12535.008,9386.117,0.748792,3,0,200,113,378,khong_giai_thich_duoc,
HDM,2018-07-16,2018-07-13,6739.811,9065.707,1.345098,3,0,200,100,458,khong_giai_thich_duoc,
SJG,2018-07-16,2018-07-13,7311.079,5117.755,0.7,3,0,200,100,101,nghi_chia_tach_le,ty_le=7:10
NAW,2018-07-24,2018-07-20,12114.6,8837.7,0.729508,4,1,1100,400,239,bar_thieu,open_days_thieu=1
NQN,2018-08-14,2018-08-13,7778.183,5795.509,0.745098,1,0,400,500,41,khong_giai_thich_duoc,
NQN,2018-08-16,2018-08-15,6634.332,4727.915,0.712644,1,0,600,200,43,nghi_chia_tach_le,ty_le=10:4
CKD,2018-09-04,2018-08-31,5495.215,7434.703,1.352941,4,0,200,100,455,khong_giai_thich_duoc,
RTB,2018-09-17,2018-09-14,4892.253,6254.014,1.27835,3,0,2400,100,397,khong_giai_thich_duoc,
SCC,2018-09-24,2018-09-21,2400.0,1700.0,0.708333,3,0,300,2000,679,nghi_chia_tach_le,ty_le=10:4
SNC,2018-10-02,2018-10-01,7591.295,5348.413,0.704546,1,0,4000,23400,559,nghi_chia_tach_le,ty_le=7:10
DGT,2018-10-03,2018-10-02,30200.0,22600.0,0.748344,1,0,6900,6000,686,khong_giai_thich_duoc,
TPS,2018-10-03,2018-10-02,15833.123,20635.837,1.303333,1,0,2500,1200,449,khong_giai_thich_duoc,
PTH,2018-10-08,2018-10-05,3001.274,3972.275,1.32353,3,0,200,100,406,khong_giai_thich_duoc,
RCC,2018-10-08,2018-10-05,7193.48,9114.72,1.267081,3,0,28100,20000,437,khong_giai_thich_duoc,
DNA,2018-10-16,2018-10-15,8960.708,11229.241,1.253164,1,0,22500,100,247,khong_giai_thich_duoc,
SNC,2018-10-16,2018-10-15,6038.531,7648.806,1.266667,1,0,6700,3521,569,khong_giai_thich_duoc,
RTB,2018-10-19,2018-10-18,4287.025,5447.045,1.270589,1,0,1100,100,420,khong_giai_thich_duoc,
CDO,2018-11-19,2018-11-16,1100.0,15000.0,13.636364,3,0,48560,65094,678,khong_giai_thich_duoc,
BWA,2018-11-20,2018-11-19,5379.091,3336.399,0.620253,1,0,200,100,473,nghi_chia_tach_le,ty_le=5:8
CDO,2018-11-20,2018-11-19,15000.0,1000.0,0.066667,1,0,65094,68360,679,khong_giai_thich_duoc,
SNC,2018-11-20,2018-11-19,7511.635,9588.022,1.276423,1,0,600,4400,594,khong_giai_thich_duoc,
YTC,2018-11-29,2018-11-28,25833.816,34626.378,1.340351,1,0,200,100,314,khong_giai_thich_duoc,
DCF,2018-12-05,2018-12-04,3800.156,5357.596,1.409836,1,0,1408,500,473,khong_giai_thich_duoc,
KCB,2018-12-10,2018-12-07,1964.855,2562.855,1.304348,3,0,7600,100,735,khong_giai_thich_duoc,
CGV,2018-12-11,2018-12-10,3100.0,3900.0,1.258065,1,0,1,100,372,khong_giai_thich_duoc,
RCC,2018-12-28,2018-12-27,8936.0,12063.6,1.35,1,0,287490,140410,496,khong_giai_thich_duoc,
VTA,2018-12-28,2018-12-27,4800.0,6400.0,1.333333,1,0,600,1600,748,khong_giai_thich_duoc,
TPS,2019-01-07,2019-01-04,25332.996,18841.416,0.74375,3,0,200,100,515,khong_giai_thich_duoc,
PFL,2019-01-09,2019-01-08,600.0,800.0,1.333333,1,0,87100,600,754,khong_giai_thich_duoc,
SHC,2019-01-11,2019-01-10,3610.827,4694.075,1.3,1,0,200,100,296,khong_giai_thich_duoc,
PPH,2019-01-14,2019-01-11,6669.389,8407.472,1.260606,3,0,300,100,338,khong_giai_thich_duoc,
TID,2019-01-17,2019-01-16,16756.769,12468.306,0.744076,1,0,200,100,24,khong_giai_thich_duoc,
FIC,2019-01-18,2019-01-17,5871.423,7800.604,1.328571,1,0,900,100,117,khong_giai_thich_duoc,
CHS,2019-01-25,2019-01-24,4817.564,6162.0,1.27907,1,0,3600,200,493,khong_giai_thich_duoc,
DLD,2019-01-28,2019-01-25,15000.0,9300.0,0.62,3,0,9100,100,767,nghi_chia_tach_le,ty_le=5:8
FIC,2019-01-29,2019-01-28,5871.423,8387.746,1.428571,1,0,400,100,124,khong_giai_thich_duoc,
GND,2019-02-12,2019-02-11,11095.426,14913.207,1.344086,1,0,300,400,479,khong_giai_thich_duoc,
NQN,2019-02-14,2019-02-13,9051.239,5980.283,0.660714,1,0,5800,500,165,chia_tach_manh_da_biet,trung 51 su kien da biet (a7c6c41)
CCP,2019-02-20,2019-02-19,18497.9,25744.5,1.391753,1,0,300,200,481,khong_giai_thich_duoc,
CCP,2019-02-25,2019-02-22,18783.95,25172.4,1.340102,3,0,200,100,484,khong_giai_thich_duoc,
NQN,2019-02-25,2019-02-22,3232.586,4444.805,1.375,3,0,300,100,172,khong_giai_thich_duoc,
PEQ,2019-02-27,2019-02-26,14715.743,20740.308,1.409396,1,0,1300,3340,518,khong_giai_thich_duoc,
VDT,2019-03-06,2019-03-05,11737.998,8662.266,0.737968,1,0,400,100,540,khong_giai_thich_duoc,
GVT,2019-03-14,2019-03-13,12320.07,16579.892,1.345763,1,0,200,100,487,khong_giai_thich_duoc,
LMC,2019-03-25,2019-03-22,9800.0,6000.0,0.612245,3,0,214000,160000,374,khong_giai_thich_duoc,
TSJ,2019-03-28,2019-03-27,14294.622,20539.115,1.436842,1,0,500,6000,412,khong_giai_thich_duoc,
RCC,2019-04-02,2019-04-01,9382.8,12242.32,1.304762,1,0,110086,100775,556,khong_giai_thich_duoc,
NDP,2019-04-09,2019-04-08,17278.735,23868.084,1.381356,1,0,6100,166,616,khong_giai_thich_duoc,
VNX,2019-04-18,2019-04-17,20.721,31.982,1.543458,1,0,300,10,513,khong_giai_thich_duoc,
VNX,2019-04-19,2019-04-18,31.982,23.649,0.739447,1,0,10,100,514,khong_giai_thich_duoc,
RCC,2019-04-23,2019-04-22,9204.08,12555.08,1.364078,1,0,11676,6376,570,khong_giai_thich_duoc,
CNN,2019-05-14,2019-05-13,11129.989,14694.494,1.320261,1,0,1200,800,557,khong_giai_thich_duoc,
CNN,2019-05-15,2019-05-14,14694.494,9747.833,0.663366,1,0,800,600,558,chia_tach_manh_da_biet,trung 51 su kien da biet (a7c6c41)
DDN,2019-05-20,2019-05-17,7917.682,10920.94,1.37931,3,0,46660,3000,704,khong_giai_thich_duoc,
ICF,2019-05-20,2019-05-10,900.0,1200.0,1.333333,10,5,5940,300,835,bar_thieu,open_days_thieu=5
CNN,2019-05-22,2019-05-21,9844.133,12344.23,1.253968,1,0,1400,100,563,khong_giai_thich_duoc,
TCI,2019-05-23,2019-05-22,2731.401,3641.868,1.333333,1,0,200,100,175,khong_giai_thich_duoc,
SCJ,2019-05-27,2019-05-17,2900.0,3800.0,1.310345,10,5,62136,1900,840,bar_thieu,open_days_thieu=5
ABR,2019-05-29,2019-05-28,3190.527,4211.496,1.32,1,0,13230,100,238,khong_giai_thich_duoc,
TMG,2019-06-10,2019-06-07,15196.406,22127.345,1.456091,3,0,1000,300,552,khong_giai_thich_duoc,
VGL,2019-06-14,2019-06-13,10595.265,6899.242,0.651163,1,0,3200,6000,555,khong_giai_thich_duoc,
MGG,2019-06-24,2019-06-21,20733.139,30063.051,1.45,3,0,3210,100,402,khong_giai_thich_duoc,
HBD,2019-06-28,2019-06-27,10202.06,13659.426,1.338889,1,0,5,100,600,khong_giai_thich_duoc,
CID,2019-07-02,2019-07-01,4284.854,6089.004,1.421053,1,0,1000,100,607,khong_giai_thich_duoc,
AFX,2019-07-05,2019-07-04,5200.0,6700.0,1.288462,1,0,18100,76900,643,khong_giai_thich_duoc,
BEL,2019-07-05,2019-07-04,6313.165,8245.766,1.306122,1,0,40400,84600,596,khong_giai_thich_duoc,
BTN,2019-07-05,2019-07-04,4300.0,5500.0,1.27907,1,0,100,100,369,khong_giai_thich_duoc,
EIN,2019-07-05,2019-07-04,3100.0,3924.0,1.265806,1,0,46488,17600,575,khong_giai_thich_duoc,
PEQ,2019-07-05,2019-07-04,16688.842,21742.038,1.302789,1,0,5600,1000,606,khong_giai_thich_duoc,
SCC,2019-07-05,2019-07-04,600.0,800.0,1.333333,1,0,100,1300,872,khong_giai_thich_duoc,
VIW,2019-07-05,2019-07-04,6400.0,8300.0,1.296875,1,0,200,1000,368,khong_giai_thich_duoc,
NQN,2019-07-18,2019-07-17,9322.159,6864.498,0.736364,1,0,800,500,271,khong_giai_thich_duoc,
CNN,2019-07-25,2019-07-24,12578.615,16250.633,1.291925,1,0,500,500,609,khong_giai_thich_duoc,
MRF,2019-07-26,2019-07-25,6418.323,8586.101,1.337748,1,0,100,100,396,khong_giai_thich_duoc,
DVW,2019-07-31,2019-07-30,10441.242,7642.989,0.732,1,0,39200,500,286,khong_giai_thich_duoc,
HES,2019-08-01,2019-07-31,8631.231,6450.529,0.747348,1,0,2800,100,659,khong_giai_thich_duoc,
DOP,2019-08-02,2019-08-01,5514.278,7139.02,1.294643,1,0,800,100,586,khong_giai_thich_duoc,
BHA,2019-08-09,2019-08-08,8158.76,10513.865,1.28866,1,0,500,200,503,khong_giai_thich_duoc,
KCB,2019-08-15,2019-08-14,1964.855,2733.712,1.391305,1,0,2400,100,902,khong_giai_thich_duoc,
NQN,2019-08-28,2019-08-27,11271.337,7711.967,0.68421,1,0,600,500,300,khong_giai_thich_duoc,
NHH,2019-09-10,2019-09-09,18496.562,23634.496,1.277778,1,0,74100,141400,499,khong_giai_thich_duoc,
TID,2019-09-17,2019-09-16,17514.035,11485.948,0.655814,1,0,6000,6100,187,khong_giai_thich_duoc,
TID,2019-09-24,2019-09-23,14988.756,19794.933,1.320652,1,0,8300,200,192,khong_giai_thich_duoc,
CT3,2019-10-01,2019-09-30,6711.256,8511.837,1.268293,1,0,200,100,687,khong_giai_thich_duoc,
TCI,2019-10-01,2019-09-30,4877.502,3186.635,0.653333,1,0,4100,10000,267,khong_giai_thich_duoc,
PVV,2019-10-18,2019-10-17,600.0,400.0,0.666667,1,0,256700,95200,942,chia_tach_manh_da_biet,trung 51 su kien da biet (a7c6c41)
IN4,2019-10-30,2019-10-29,68735.265,86300.943,1.255556,1,0,1100,700,691,khong_giai_thich_duoc,
SCC,2019-10-30,2019-10-29,2500.0,3700.0,1.48,1,0,2500,300,954,khong_giai_thich_duoc,
GTS,2019-11-12,2019-11-11,4586.414,6592.97,1.4375,1,0,21700,1000,698,khong_giai_thich_duoc,
VHG,2019-11-26,2019-11-25,700.0,500.0,0.714286,1,0,101600,37300,967,nghi_chia_tach_le,ty_le=10:4
GTS,2019-11-27,2019-11-26,5618.357,7166.272,1.27551,1,0,1900,100,709,khong_giai_thich_duoc,
ACM,2019-11-28,2019-11-27,300.0,400.0,1.333333,1,0,732100,201200,977,khong_giai_thich_duoc,
PMT,2019-12-09,2019-12-06,3093.453,4070.332,1.315789,3,0,200,100,770,khong_giai_thich_duoc,
GTS,2019-12-10,2019-12-09,6100.214,8587.681,1.407767,1,0,2500,1000,718,khong_giai_thich_duoc,
BBT,2019-12-12,2019-12-11,8347.903,11579.35,1.387097,1,0,4400,500,379,khong_giai_thich_duoc,
DAS,2019-12-23,2019-12-20,8066.256,5430.746,0.673267,3,0,5200,3000,690,chia_tach_manh_da_biet,trung 51 su kien da biet (a7c6c41)
BBT,2020-01-02,2019-12-31,17099.737,12656.498,0.740157,2,0,40200,2200,393,khong_giai_thich_duoc,
TID,2020-01-08,2020-01-07,19794.933,14825.834,0.748971,1,0,5600,5300,267,khong_giai_thich_duoc,
ACM,2020-01-09,2020-01-08,300.0,400.0,1.333333,1,0,90700,297700,1006,khong_giai_thich_duoc,
HNP,2020-01-10,2020-01-09,17565.342,23543.462,1.340336,1,0,200,100,748,khong_giai_thich_duoc,
AGF,2020-01-15,2020-01-09,4210.0,5310.0,1.261283,6,3,10480,500,1007,bar_thieu,open_days_thieu=3
SCJ,2020-01-15,2020-01-09,2000.0,2700.0,1.35,6,3,100,700,1002,bar_thieu,open_days_thieu=3
MGG,2020-01-20,2020-01-17,24425.555,32155.984,1.316489,3,0,200,100,550,khong_giai_thich_duoc,
TID,2020-01-30,2020-01-22,19794.933,14825.834,0.748971,8,0,33100,1200,278,khong_giai_thich_duoc,
CCA,2020-02-06,2020-02-05,4731.624,3537.234,0.747573,1,0,1300,100,24,khong_giai_thich_duoc,
CT3,2020-02-27,2020-02-25,9502.62,6974.4,0.733945,2,1,20100,100,787,bar_thieu,open_days_thieu=1
E29,2020-02-28,2020-02-27,6657.458,8441.932,1.268041,1,0,200,100,77,khong_giai_thich_duoc,
PMW,2020-02-28,2020-02-27,21606.334,15341.776,0.710059,1,0,500,200,154,nghi_chia_tach_le,ty_le=10:4
CNN,2020-03-04,2020-03-03,26719.79,36095.155,1.350877,1,0,900,100,757,khong_giai_thich_duoc,
PPI,2020-03-17,2020-03-16,300.0,400.0,1.333333,1,0,22200,75600,1041,khong_giai_thich_duoc,
BHK,2020-03-23,2020-03-20,5378.536,6800.448,1.264368,3,0,200,100,486,khong_giai_thich_duoc,
PPI,2020-03-24,2020-03-23,300.0,400.0,1.333333,1,0,15900,38000,1046,khong_giai_thich_duoc,
MGG,2020-03-26,2020-03-25,20462.899,27024.019,1.320635,1,0,500,200,581,khong_giai_thich_duoc,
PPI,2020-03-31,2020-03-30,300.0,400.0,1.333333,1,0,826500,28600,1051,khong_giai_thich_duoc,
TIS,2020-03-31,2020-03-30,8500.0,10900.0,1.282353,1,0,300,100,1053,khong_giai_thich_duoc,
MKP,2020-04-01,2020-03-31,31447.309,40696.517,1.294118,1,0,3000,100,521,khong_giai_thich_duoc,
PPI,2020-04-06,2020-04-03,300.0,400.0,1.333333,3,0,137900,25400,1054,khong_giai_thich_duoc,
DBM,2020-04-08,2020-04-07,22395.441,28096.099,1.254545,1,0,200,100,798,khong_giai_thich_duoc,
TIS,2020-04-08,2020-04-07,7800.0,10000.0,1.282051,1,0,300,100,1058,khong_giai_thich_duoc,
PPI,2020-04-10,2020-04-09,300.0,400.0,1.333333,1,0,99300,50000,1058,khong_giai_thich_duoc,
ACS,2020-04-21,2020-04-20,8000.0,10200.0,1.275,1,0,2600,100,688,khong_giai_thich_duoc,
SCJ,2020-04-22,2020-04-21,2400.0,1700.0,0.708333,1,0,27600,7400,1053,nghi_chia_tach_le,ty_le=10:4
HU6,2020-04-24,2020-04-23,4770.109,6086.002,1.275862,1,0,200,100,780,khong_giai_thich_duoc,
ACM,2020-04-28,2020-04-27,600.0,400.0,0.666667,1,0,274300,233700,1075,chia_tach_manh_da_biet,trung 51 su kien da biet (a7c6c41)
PPI,2020-04-29,2020-04-28,300.0,400.0,1.333333,1,0,61500,204300,1071,khong_giai_thich_duoc,
PPI,2020-05-05,2020-05-04,300.0,400.0,1.333333,1,0,18500,138600,1073,khong_giai_thich_duoc,
PPI,2020-05-07,2020-05-06,300.0,400.0,1.333333,1,0,27300,112400,1075,khong_giai_thich_duoc,
PPI,2020-05-14,2020-05-13,300.0,400.0,1.333333,1,0,29800,531600,1080,khong_giai_thich_duoc,
PPI,2020-05-19,2020-05-18,300.0,400.0,1.333333,1,0,15800,192000,1083,khong_giai_thich_duoc,
PPI,2020-05-21,2020-05-20,300.0,400.0,1.333333,1,0,329800,10500,1085,khong_giai_thich_duoc,
PPI,2020-05-25,2020-05-22,300.0,400.0,1.333333,3,0,42600,35400,1087,khong_giai_thich_duoc,
TAW,2020-05-27,2020-05-26,8708.21,11672.708,1.340426,1,0,200,300,785,khong_giai_thich_duoc,
BGW,2020-05-28,2020-05-27,21553.088,11947.031,0.554307,1,0,3300,3000,634,nghi_chia_tach_le,ty_le=5:9
MIC,2020-05-29,2020-05-28,3935.72,5226.12,1.327869,1,0,2000,100,1083,khong_giai_thich_duoc,
PPI,2020-06-02,2020-06-01,300.0,400.0,1.333333,1,0,43100,106000,1093,khong_giai_thich_duoc,
PPI,2020-06-04,2020-06-03,300.0,400.0,1.333333,1,0,70200,8800,1095,khong_giai_thich_duoc,
BHK,2020-06-09,2020-06-08,6244.048,7913.249,1.267327,1,0,200,700,539,khong_giai_thich_duoc,
VCX,2020-06-12,2020-06-11,4000.0,5400.0,1.35,1,0,200,100,1099,khong_giai_thich_duoc,
MRF,2020-06-17,2020-06-16,12582.557,9393.229,0.746528,1,0,200,300,618,khong_giai_thich_duoc,
BEL,2020-06-18,2020-06-17,5604.544,7021.785,1.252874,1,0,900,100,835,khong_giai_thich_duoc,
SAV,2020-06-24,2020-06-23,2460.276,3480.415,1.414644,1,0,17660,5820,1033,khong_giai_thich_duoc,
DSC,2020-07-02,2020-07-01,2820.523,3666.679,1.3,1,0,1100,1000,615,khong_giai_thich_duoc,
POS,2020-07-03,2020-07-02,4648.861,6113.571,1.315069,1,0,200,100,876,khong_giai_thich_duoc,
PCC,2020-07-08,2020-07-07,16980.234,12336.66,0.726531,1,0,4100,100,655,khong_giai_thich_duoc,
HPB,2020-07-13,2020-07-10,10274.68,13825.093,1.34555,3,0,200,100,887,khong_giai_thich_duoc,
HFC,2020-07-16,2020-07-15,7700.0,9700.0,1.25974,1,0,300,100,1123,khong_giai_thich_duoc,
TDP,2020-07-21,2020-07-20,8697.41,11430.882,1.314286,1,0,4800,200,420,khong_giai_thich_duoc,
PRT,2020-08-03,2020-07-31,8643.623,10894.566,1.260417,3,0,2000,500,561,khong_giai_thich_duoc,
STH,2020-08-18,2020-08-17,23500.0,16600.0,0.706383,1,0,94300,120400,107,nghi_chia_tach_le,ty_le=7:10
BMS,2020-08-27,2020-08-26,2701.989,3422.519,1.266667,1,0,14600,300,512,khong_giai_thich_duoc,
QHW,2020-09-08,2020-09-07,14141.051,10568.575,0.747368,1,0,2200,100,857,khong_giai_thich_duoc,
IPA,2020-09-10,2020-09-09,5083.13,6458.075,1.270492,1,0,7000,5800,1023,khong_giai_thich_duoc,
ILA,2020-09-11,2020-09-10,2682.973,3375.353,1.258064,1,0,2100,13900,690,khong_giai_thich_duoc,
ILA,2020-09-14,2020-09-11,3375.353,2423.33,0.717949,3,0,13900,8800,691,nghi_chia_tach_le,ty_le=10:4
HAF,2020-09-17,2020-09-16,20400.0,28000.0,1.372549,1,0,300,100,785,khong_giai_thich_duoc,
KTC,2020-09-21,2020-09-18,8913.328,5942.218,0.666667,3,0,900,4900,465,chia_tach_manh_da_biet,trung 51 su kien da biet (a7c6c41)
PVV,2020-09-30,2020-09-29,700.0,900.0,1.285714,1,0,78700,56300,1177,khong_giai_thich_duoc,
SPV,2020-10-09,2020-10-08,8909.506,11505.189,1.291339,1,0,2600,200,883,khong_giai_thich_duoc,
CCM,2020-10-16,2020-10-15,38108.392,21950.434,0.576,1,0,2900,100,890,nghi_chia_tach_le,ty_le=4:7
AG1,2020-10-22,2020-10-21,8657.544,5981.576,0.690909,1,0,1100,100,658,nghi_chia_tach_le,ty_le=7:10
HLB,2020-12-10,2020-12-09,110921.671,149254.897,1.345588,1,0,2200,300,914,khong_giai_thich_duoc,
LMC,2020-12-10,2020-12-09,20300.0,14400.0,0.70936,1,0,464500,100,789,nghi_chia_tach_le,ty_le=10:4
CC1,2020-12-14,2020-12-11,7609.933,9714.808,1.276596,3,0,200,2100,826,khong_giai_thich_duoc,
PNG,2020-12-29,2020-12-28,9367.339,11960.084,1.276786,1,0,600,200,1173,khong_giai_thich_duoc,
HES,2020-12-30,2020-12-29,18124.823,24420.814,1.347368,1,0,200,100,994,khong_giai_thich_duoc,
SPV,2021-01-07,2021-01-06,10873.807,15854.711,1.458064,1,0,2500,2100,946,khong_giai_thich_duoc,
VIW,2021-01-14,2021-01-13,7300.0,9200.0,1.260274,1,0,8500,9700,671,khong_giai_thich_duoc,
BMJ,2021-01-26,2021-01-25,14633.04,19254.0,1.315789,1,0,2400,100,989,khong_giai_thich_duoc,
TCI,2021-01-29,2021-01-28,3967.035,5007.569,1.262295,1,0,17900,15800,587,khong_giai_thich_duoc,
VIM,2021-01-29,2021-01-28,13199.293,17667.803,1.338542,1,0,4100,2800,968,khong_giai_thich_duoc,
MTL,2021-02-02,2021-02-01,10000.0,7400.0,0.74,1,0,400,200,1119,khong_giai_thich_duoc,
EME,2021-02-18,2021-02-17,45282.742,59433.6,1.3125,1,0,160100,100,888,khong_giai_thich_duoc,
PNG,2021-02-19,2021-02-18,8530.969,11374.626,1.333333,1,0,200,100,1205,khong_giai_thich_duoc,
DP1,2021-02-24,2021-02-23,15392.279,20009.963,1.3,1,0,3100,100,673,khong_giai_thich_duoc,
KCB,2021-03-15,2021-03-12,4271.424,2989.997,0.7,3,0,5700,1200,1253,nghi_chia_tach_le,ty_le=7:10
HMG,2021-03-18,2021-03-17,10698.262,13660.858,1.276923,1,0,1200,500,984,khong_giai_thich_duoc,
CCP,2021-03-24,2021-03-23,7628.0,10011.75,1.3125,1,0,200,100,988,khong_giai_thich_duoc,
UPC,2021-03-26,2021-03-25,18276.615,13632.557,0.745902,1,0,200,600,970,khong_giai_thich_duoc,
PJS,2021-03-29,2021-03-26,11541.74,15190.966,1.316176,3,0,16500,100,1116,khong_giai_thich_duoc,
UPC,2021-03-29,2021-03-26,13632.557,18726.04,1.373626,3,0,600,10700,971,khong_giai_thich_duoc,
CT6,2021-04-01,2021-03-31,3900.0,5000.0,1.282051,1,0,700,300,1267,khong_giai_thich_duoc,
DAS,2021-04-02,2021-04-01,12835.418,9585.945,0.746835,1,0,5200,700,1004,khong_giai_thich_duoc,
MTG,2021-04-26,2021-04-23,3329.932,4183.761,1.25641,3,0,5400,2900,1259,khong_giai_thich_duoc,
NDC,2021-05-04,2021-04-29,63354.905,81745.426,1.290278,5,0,800,4800,1118,khong_giai_thich_duoc,
PLA,2021-05-12,2021-05-11,5700.0,4100.0,0.719298,1,0,500,100,773,nghi_chia_tach_le,ty_le=10:4
CMN,2021-05-21,2021-05-20,18385.116,13305.744,0.723724,1,0,2100,100,957,nghi_chia_tach_le,ty_le=10:4
HEP,2021-05-21,2021-05-20,12514.244,16777.338,1.340659,1,0,900,100,804,khong_giai_thich_duoc,
DRG,2021-06-07,2021-06-04,20702.875,14995.073,0.724299,3,0,2100,3000,365,nghi_chia_tach_le,ty_le=10:4
C22,2021-06-08,2021-06-07,7841.386,10139.723,1.293103,1,0,700,100,753,khong_giai_thich_duoc,
TGP,2021-06-09,2021-06-08,3128.963,4197.389,1.341463,1,0,1300,100,1146,khong_giai_thich_duoc,
TTG,2021-06-09,2021-06-08,4700.0,5900.0,1.255319,1,0,300,100,1307,khong_giai_thich_duoc,
KIP,2021-06-18,2021-06-17,6792.902,8830.773,1.3,1,0,19800,4800,1062,khong_giai_thich_duoc,
POB,2021-06-25,2021-06-24,14984.017,18854.062,1.258278,1,0,400,800,928,khong_giai_thich_duoc,
SKN,2021-06-30,2021-06-29,13799.371,10172.108,0.737143,1,0,11400,5100,677,khong_giai_thich_duoc,
VIW,2021-07-02,2021-07-01,9500.0,12000.0,1.263158,1,0,4800,100,784,khong_giai_thich_duoc,
POB,2021-07-07,2021-07-06,19945.612,25899.527,1.298508,1,0,200,100,936,khong_giai_thich_duoc,
LMC,2021-07-08,2021-07-07,11500.0,14800.0,1.286957,1,0,300,100,930,khong_giai_thich_duoc,
POB,2021-07-12,2021-07-09,25304.135,32349.6,1.278431,3,0,300,100,939,khong_giai_thich_duoc,
BEL,2021-07-22,2021-07-21,9709.162,12971.44,1.336,1,0,200,200,1110,khong_giai_thich_duoc,
VNX,2021-08-10,2021-08-09,220.905,137.232,0.621226,1,0,200,100,1093,nghi_chia_tach_le,ty_le=5:8
UPH,2021-08-11,2021-08-10,16900.0,11400.0,0.674556,1,0,700,400,1149,chia_tach_manh_da_biet,trung 51 su kien da biet (a7c6c41)
VWS,2021-08-23,2021-08-20,11428.699,15263.833,1.33557,3,0,2300,8000,1117,khong_giai_thich_duoc,
XLV,2021-08-24,2021-08-23,5415.311,8007.748,1.478724,1,0,1200,1000,753,khong_giai_thich_duoc,
YBC,2021-10-04,2021-10-01,8600.0,11900.0,1.383721,3,0,4200,600,1405,khong_giai_thich_duoc,
YBC,2021-10-26,2021-10-25,16500.0,23000.0,1.393939,1,0,1600,1800,1421,khong_giai_thich_duoc,
SKN,2021-10-29,2021-10-28,12640.4,9419.915,0.745223,1,0,4400,7600,762,khong_giai_thich_duoc,
VIW,2021-11-05,2021-11-04,20000.0,14300.0,0.715,1,0,2200,3000,872,nghi_chia_tach_le,ty_le=10:4
PMT,2021-11-08,2021-11-05,6761.181,8588.527,1.27027,3,0,300,400,1246,khong_giai_thich_duoc,
VFC,2021-11-15,2021-11-12,18930.851,23735.636,1.253807,3,0,7000,9800,1243,khong_giai_thich_duoc,
VLW,2021-11-26,2021-11-25,25078.543,17452.78,0.695925,1,0,700,1500,1058,nghi_chia_tach_le,ty_le=7:10
TSJ,2021-11-29,2021-11-26,19540.637,25420.92,1.300926,3,0,16800,17000,1063,khong_giai_thich_duoc,
POB,2021-12-07,2021-12-06,42173.559,54875.243,1.301176,1,0,2200,10700,1043,khong_giai_thich_duoc,
VNX,2021-12-07,2021-12-06,133.53,181.413,1.358594,1,0,8600,100,1176,khong_giai_thich_duoc,
TSJ,2021-12-08,2021-12-07,22887.875,28949.091,1.264822,1,0,9700,5000,1070,khong_giai_thich_duoc,
RAT,2021-12-09,2021-12-08,8446.837,12670.255,1.5,1,0,1100,300,1190,khong_giai_thich_duoc,
TSJ,2021-12-21,2021-12-20,21802.283,29853.75,1.369295,1,0,14100,7000,1079,khong_giai_thich_duoc,
RCC,2021-12-24,2021-12-23,10767.88,13850.8,1.286307,1,0,10500,2000,1243,khong_giai_thich_duoc,
CI5,2021-12-31,2021-12-30,11700.0,15200.0,1.299145,1,0,3800,19800,1498,khong_giai_thich_duoc,
MTH,2022-01-05,2022-01-04,11043.826,13858.919,1.254902,1,0,800,300,1352,khong_giai_thich_duoc,
VWS,2022-01-06,2022-01-05,11965.618,8974.213,0.75,1,0,1300,5900,1212,khong_giai_thich_duoc,
DLD,2022-01-07,2022-01-06,24000.0,32100.0,1.3375,1,0,400,400,1419,khong_giai_thich_duoc,
VWS,2022-01-07,2022-01-06,8974.213,11965.618,1.333333,1,0,5900,100,1213,khong_giai_thich_duoc,
CQN,2022-01-12,2022-01-11,18048.881,22666.036,1.255814,1,0,428,4502,352,khong_giai_thich_duoc,
MTH,2022-01-12,2022-01-11,10322.007,13714.555,1.328671,1,0,200,100,1357,khong_giai_thich_duoc,
VWS,2022-01-13,2022-01-12,10201.456,12962.752,1.270677,1,0,3400,2400,1217,khong_giai_thich_duoc,
PMT,2022-02-16,2022-02-15,7492.119,9410.833,1.256098,1,0,200,1900,1312,khong_giai_thich_duoc,
CMN,2022-02-17,2022-02-16,19822.011,28816.139,1.453744,1,0,700,3700,1143,khong_giai_thich_duoc,
NAU,2022-02-28,2022-02-25,6993.241,8786.38,1.25641,3,0,200,650,551,khong_giai_thich_duoc,
HAF,2022-03-14,2022-03-11,18600.0,23500.0,1.263441,3,0,1500,100,1155,khong_giai_thich_duoc,
TSD,2022-03-21,2022-03-18,11100.0,8200.0,0.738739,3,0,66000,63900,979,khong_giai_thich_duoc,
UCT,2022-03-21,2022-03-18,13500.0,10100.0,0.748148,3,0,200,100,1312,khong_giai_thich_duoc,
GTD,2022-03-22,2022-03-21,17000.0,24300.0,1.429412,1,0,4500,1500,1287,khong_giai_thich_duoc,
BTG,2022-03-25,2022-03-24,8100.0,10200.0,1.259259,1,0,1600,2200,1525,khong_giai_thich_duoc,
BT1,2022-03-29,2022-03-28,10239.0,12895.956,1.259494,1,0,300,100,1264,khong_giai_thich_duoc,
FRC,2022-04-06,2022-04-05,33537.011,44017.327,1.3125,1,0,4601,1100,904,khong_giai_thich_duoc,
MTL,2022-04-06,2022-04-05,11400.0,7500.0,0.657895,1,0,3800,96400,1409,chia_tach_manh_da_biet,trung 51 su kien da biet (a7c6c41)
KTC,2022-04-08,2022-04-07,12622.361,16434.484,1.302013,1,0,6700,100,852,khong_giai_thich_duoc,
ACS,2022-04-22,2022-04-21,9700.0,12900.0,1.329897,1,0,200,3800,1190,khong_giai_thich_duoc,
ICI,2022-04-25,2022-04-22,7670.9,5534.7,0.721519,3,0,1710,200,1490,nghi_chia_tach_le,ty_le=10:4
VNY,2022-05-05,2022-05-04,8500.0,6300.0,0.741176,1,0,2200,1000,923,khong_giai_thich_duoc,
QNT,2022-05-06,2022-05-05,9000.0,11700.0,1.3,1,0,400,100,316,khong_giai_thich_duoc,
BTG,2022-05-23,2022-05-20,5100.0,7200.0,1.411765,3,0,1820,100,1563,khong_giai_thich_duoc,
VFC,2022-06-01,2022-05-31,32192.057,41705.529,1.295522,1,0,3900,100,1376,khong_giai_thich_duoc,
NAU,2022-06-02,2022-06-01,5738.044,7262.212,1.265625,1,0,300,1900,616,khong_giai_thich_duoc,
XMD,2022-06-07,2022-06-06,13000.0,9500.0,0.730769,1,0,32500,37300,810,khong_giai_thich_duoc,
YBC,2022-06-09,2022-06-08,14400.0,9500.0,0.659722,1,0,6012,900,1574,chia_tach_manh_da_biet,trung 51 su kien da biet (a7c6c41)
CI5,2022-06-13,2022-06-10,9500.0,11900.0,1.252632,3,0,300,1172,1605,khong_giai_thich_duoc,
KTC,2022-06-15,2022-06-14,11690.509,8640.812,0.739131,1,0,5600,3400,897,khong_giai_thich_duoc,
PCM,2022-06-16,2022-06-15,12081.85,15976.0,1.322314,1,0,300,600,1135,khong_giai_thich_duoc,
CI5,2022-06-17,2022-06-16,15100.0,10800.0,0.715232,1,0,300,119,1609,nghi_chia_tach_le,ty_le=10:4
HAF,2022-06-20,2022-06-17,16200.0,22200.0,1.37037,3,0,300,200,1222,khong_giai_thich_duoc,
VPA,2022-06-21,2022-06-20,5200.0,3500.0,0.673077,1,0,1220,3000,1521,chia_tach_manh_da_biet,trung 51 su kien da biet (a7c6c41)
HTM,2022-06-30,2022-06-29,16700.0,21000.0,1.257485,1,0,9100,11600,1041,khong_giai_thich_duoc,
QNT,2022-07-08,2022-07-07,5800.0,7500.0,1.293103,1,0,700,300,361,khong_giai_thich_duoc,
HLS,2022-07-11,2022-07-08,17568.498,13143.839,0.748148,3,0,20900,100,1181,khong_giai_thich_duoc,
PCM,2022-07-11,2022-07-08,13180.2,17174.2,1.30303,3,0,700,300,1152,khong_giai_thich_duoc,
VTS,2022-07-13,2022-07-12,11100.0,14500.0,1.306306,1,0,2500,1300,1604,khong_giai_thich_duoc,
PBT,2022-07-14,2022-07-13,6026.629,8621.428,1.430556,1,0,1900,100,862,khong_giai_thich_duoc,
NQN,2022-07-18,2022-07-15,20066.401,14887.975,0.741935,3,0,200,100,1015,khong_giai_thich_duoc,
CMN,2022-07-19,2022-07-18,11177.169,16008.966,1.432292,1,0,2104,200,1248,khong_giai_thich_duoc,
BRS,2022-07-28,2022-07-27,20699.2,26658.061,1.287879,1,0,700,1100,1253,khong_giai_thich_duoc,
BAL,2022-08-05,2022-08-04,7846.936,10149.841,1.293478,1,0,1200,2600,1138,khong_giai_thich_duoc,
DBM,2022-08-08,2022-08-05,16510.006,21962.148,1.330233,3,0,200,600,1383,khong_giai_thich_duoc,
CMN,2022-08-10,2022-08-09,14124.451,18069.66,1.279318,1,0,2100,800,1264,khong_giai_thich_duoc,
NHV,2022-08-31,2022-08-30,46200.0,30000.0,0.649351,1,0,5300,96600,1216,khong_giai_thich_duoc,
GTD,2022-09-06,2022-09-05,18100.0,13300.0,0.734807,1,0,1100,100,1402,khong_giai_thich_duoc,
VDN,2022-09-08,2022-09-07,11541.703,15504.818,1.343374,1,0,1000,100,1392,khong_giai_thich_duoc,
VTX,2022-09-21,2022-09-20,7900.0,10500.0,1.329114,1,0,200,100,1669,khong_giai_thich_duoc,
MH3,2022-09-29,2022-09-28,25449.02,32829.236,1.29,1,0,200,300,1383,khong_giai_thich_duoc,
MGG,2022-09-30,2022-09-29,22046.038,28690.049,1.30137,1,0,400,200,1211,khong_giai_thich_duoc,
H11,2022-10-04,2022-10-03,8100.0,5800.0,0.716049,1,0,7700,100,1661,nghi_chia_tach_le,ty_le=10:4
BIO,2022-10-05,2022-10-04,16763.494,20954.368,1.25,1,0,300,300,733,khong_giai_thich_duoc,
HAF,2022-10-05,2022-10-04,17600.0,24000.0,1.363636,1,0,300,200,1297,khong_giai_thich_duoc,
DRG,2022-10-11,2022-10-10,8706.817,6191.514,0.711111,1,0,1900,1700,703,nghi_chia_tach_le,ty_le=10:4
VPA,2022-10-13,2022-10-12,4400.0,2900.0,0.659091,1,0,5100,1000,1601,chia_tach_manh_da_biet,trung 51 su kien da biet (a7c6c41)
BDT,2022-10-21,2022-10-20,35371.14,44809.8,1.266846,1,0,200,100,1282,khong_giai_thich_duoc,
VHD,2022-11-07,2022-11-04,12800.0,8800.0,0.6875,3,0,2100,400,1342,khong_giai_thich_duoc,
VHD,2022-11-08,2022-11-07,8800.0,11500.0,1.306818,1,0,400,100,1343,khong_giai_thich_duoc,
S74,2022-11-09,2022-11-08,8400.0,10800.0,1.285714,1,0,5100,100,1714,khong_giai_thich_duoc,
VFC,2022-11-25,2022-11-24,33249.109,41993.817,1.263006,1,0,700,3200,1501,khong_giai_thich_duoc,
PRO,2022-11-29,2022-11-28,4800.0,6300.0,1.3125,1,0,2100,2500,1723,khong_giai_thich_duoc,
PRO,2022-12-02,2022-12-01,5000.0,6400.0,1.28,1,0,2100,100,1726,khong_giai_thich_duoc,
MTA,2022-12-09,2022-12-08,4111.23,5162.94,1.255814,1,0,5400,200,1713,khong_giai_thich_duoc,
FIC,2022-12-14,2022-12-13,15080.292,21165.322,1.403509,1,0,5100,5000,1087,khong_giai_thich_duoc,
RCC,2022-12-15,2022-12-14,20000.0,27300.0,1.365,1,0,1600,1500,1486,khong_giai_thich_duoc,
BTV,2022-12-23,2022-12-22,11428.8,15428.88,1.35,1,0,1600,7400,1449,khong_giai_thich_duoc,
GE2,2022-12-26,2022-12-23,23100.0,29800.0,1.290043,3,0,1500,2300,413,khong_giai_thich_duoc,
HAF,2022-12-28,2022-12-27,17300.0,22000.0,1.271676,1,0,3500,100,1357,khong_giai_thich_duoc,
HFB,2022-12-28,2022-12-27,9942.349,13001.533,1.307692,1,0,2200,400,1427,khong_giai_thich_duoc,
NHV,2023-01-03,2022-12-30,36000.0,24900.0,0.691667,4,0,374900,228200,1302,nghi_chia_tach_le,ty_le=7:10
SVG,2023-01-05,2023-01-04,6200.0,4500.0,0.725806,1,0,3900,100,1621,khong_giai_thich_duoc,
MGR,2023-01-09,2023-01-06,7000.0,5000.0,0.714286,3,0,5200,1100,177,nghi_chia_tach_le,ty_le=10:4
VHH,2023-01-10,2023-01-09,5100.0,6900.0,1.352941,1,0,200,100,1495,khong_giai_thich_duoc,
PRO,2023-01-16,2023-01-13,6000.0,8000.0,1.333333,3,0,400,400,1756,khong_giai_thich_duoc,
DNH,2023-01-19,2023-01-18,31395.881,39641.263,1.262626,1,0,400,300,1375,khong_giai_thich_duoc,
DCR,2023-02-20,2023-02-17,4500.0,5700.0,1.266667,3,0,600,400,1078,khong_giai_thich_duoc,
SD2,2023-02-21,2023-02-20,4916.16,6372.8,1.296296,1,0,200,200,1775,khong_giai_thich_duoc,
CMM,2023-03-01,2023-02-28,5132.82,6599.34,1.285714,1,0,1200,300,75,khong_giai_thich_duoc,
YBC,2023-03-06,2023-03-03,6800.0,9800.0,1.441176,3,0,1000,500,1758,khong_giai_thich_duoc,
XMD,2023-03-08,2023-03-07,6200.0,7900.0,1.274194,1,0,3000,6800,998,khong_giai_thich_duoc,
ADP,2023-03-13,2023-03-10,10779.381,13551.221,1.257143,3,0,200,2900,1671,khong_giai_thich_duoc,
VFC,2023-03-20,2023-03-17,43243.061,56504.266,1.306667,3,0,700,800,1576,khong_giai_thich_duoc,
RCC,2023-03-27,2023-03-24,21500.0,27800.0,1.293023,3,0,1100,5900,1552,khong_giai_thich_duoc,
BHP,2023-03-30,2023-03-29,5916.495,7463.886,1.261538,1,0,1200,200,1593,khong_giai_thich_duoc,
GER,2023-04-03,2023-03-31,5969.492,7699.779,1.289855,3,0,700,100,1500,khong_giai_thich_duoc,
KTL,2023-04-03,2023-03-31,60154.946,39582.873,0.658015,3,0,14000,200,1784,chia_tach_manh_da_biet,trung 51 su kien da biet (a7c6c41)
CCP,2023-04-20,2023-04-19,14874.6,10679.2,0.717949,1,0,4100,200,1507,nghi_chia_tach_le,ty_le=10:4
L35,2023-05-31,2023-05-12,2200.0,3000.0,1.363636,19,12,100,2000,1821,tro_lai_sau_dinh_chi,open_days_thieu=12
FRM,2023-06-07,2023-04-25,7797.306,4678.384,0.6,43,27,42000,100,1334,tro_lai_sau_dinh_chi,open_days_thieu=27
VTS,2023-06-08,2023-04-26,34900.0,23679.0,0.678481,43,27,100,1900,1798,tro_lai_sau_dinh_chi,open_days_thieu=27
UPH,2023-06-12,2023-04-25,10000.0,6000.0,0.6,48,30,100,100,1572,tro_lai_sau_dinh_chi,open_days_thieu=30
TTS,2023-06-20,2023-05-12,6000.0,3600.0,0.6,39,26,500,100,1208,tro_lai_sau_dinh_chi,open_days_thieu=26
TRT,2023-06-21,2023-05-15,9180.0,12852.0,1.4,37,26,400,100,1481,tro_lai_sau_dinh_chi,open_days_thieu=26
BGW,2023-06-26,2023-05-11,13265.694,17687.592,1.333333,46,31,9000,100,1361,tro_lai_sau_dinh_chi,open_days_thieu=31
CCP,2023-06-27,2023-05-05,9725.7,13539.7,1.392157,53,36,500,200,1511,tro_lai_sau_dinh_chi,open_days_thieu=36
GCB,2023-06-29,2023-05-10,15700.0,10857.0,0.691529,50,35,500,700,1577,tro_lai_sau_dinh_chi,open_days_thieu=35
PLE,2023-06-30,2023-05-10,30240.265,18445.2,0.609955,51,36,12300,100,569,tro_lai_sau_dinh_chi,open_days_thieu=36
PSN,2023-07-03,2023-05-18,7259.295,10044.838,1.383721,46,31,100,100,1415,tro_lai_sau_dinh_chi,open_days_thieu=31
PIS,2023-07-05,2023-05-29,10160.7,14224.98,1.4,37,26,1200,100,1527,tro_lai_sau_dinh_chi,open_days_thieu=26
MA1,2023-07-10,2023-06-01,7233.201,10102.235,1.396648,39,26,100,100,706,tro_lai_sau_dinh_chi,open_days_thieu=26
HPI,2023-07-11,2023-05-16,15500.0,21700.0,1.4,56,39,100,100,1384,tro_lai_sau_dinh_chi,open_days_thieu=39
APL,2023-07-26,2023-06-07,16398.242,22924.905,1.39801,49,34,100,100,1425,tro_lai_sau_dinh_chi,open_days_thieu=34
SNC,2023-07-27,2023-06-14,11287.518,15767.05,1.396857,43,30,26000,10500,1697,tro_lai_sau_dinh_chi,open_days_thieu=30
KHW,2023-08-02,2023-06-05,17872.366,10789.613,0.603704,58,41,200,200,1518,tro_lai_sau_dinh_chi,open_days_thieu=41
BLN,2023-08-07,2023-06-12,7688.386,4613.032,0.6,56,39,100,100,1521,tro_lai_sau_dinh_chi,open_days_thieu=39
PIS,2023-08-11,2023-07-05,14224.98,8590.41,0.603896,37,26,100,100,1528,tro_lai_sau_dinh_chi,open_days_thieu=26
PND,2023-08-16,2023-07-06,15633.0,9505.0,0.608009,41,28,300,2100,1477,tro_lai_sau_dinh_chi,open_days_thieu=28
BTH,2023-08-18,2023-06-28,6003.143,8382.767,1.396396,51,36,400,100,1389,tro_lai_sau_dinh_chi,open_days_thieu=36
BWA,2023-08-21,2023-07-03,8004.992,4959.614,0.619565,49,34,100,3000,1561,tro_lai_sau_dinh_chi,open_days_thieu=34
NWT,2023-08-29,2023-07-12,9985.353,6066.858,0.607576,48,33,100,1500,1214,tro_lai_sau_dinh_chi,open_days_thieu=33
HLT,2023-09-15,2023-08-07,18000.0,10900.0,0.605556,39,26,100,100,822,tro_lai_sau_dinh_chi,open_days_thieu=26
TVG,2023-09-22,2023-08-08,5639.7,3503.45,0.621212,45,30,100,100,1825,tro_lai_sau_dinh_chi,open_days_thieu=30
UPH,2023-10-03,2023-08-18,9800.0,6000.0,0.612245,46,29,100,100,1591,tro_lai_sau_dinh_chi,open_days_thieu=29
CCP,2023-10-04,2023-08-11,24123.55,33658.55,1.395257,54,35,100,100,1520,tro_lai_sau_dinh_chi,open_days_thieu=35
DAS,2023-10-20,2023-09-12,5507.581,7677.234,1.393939,38,27,100,100,1525,tro_lai_sau_dinh_chi,open_days_thieu=27
GER,2023-10-20,2023-09-12,8382.42,5068.44,0.604651,38,27,100,100,1523,tro_lai_sau_dinh_chi,open_days_thieu=27
HAF,2023-11-01,2023-09-15,33000.0,19800.0,0.6,47,32,100,100,1499,tro_lai_sau_dinh_chi,open_days_thieu=32
KHW,2023-11-01,2023-09-06,15672.087,11066.693,0.70614,56,39,100,100,1526,tro_lai_sau_dinh_chi,open_days_thieu=39
HES,2024-02-19,2023-12-29,16853.224,22799.119,1.352805,52,29,300,100,1647,tro_lai_sau_dinh_chi,open_days_thieu=29
GER,2024-02-20,2024-01-05,8577.36,11988.81,1.397727,46,26,100,100,1570,tro_lai_sau_dinh_chi,open_days_thieu=26
VTS,2024-02-26,2024-01-03,14300.0,19157.0,1.33965,54,32,100,1400,1875,tro_lai_sau_dinh_chi,open_days_thieu=32
DAS,2024-03-05,2024-01-16,13518.608,8511.716,0.62963,49,29,1000,100,1576,tro_lai_sau_dinh_chi,open_days_thieu=29
FRM,2024-03-07,2024-01-17,6155.768,3693.461,0.6,50,30,13900,100,1382,tro_lai_sau_dinh_chi,open_days_thieu=30
VTX,2024-03-19,2024-01-26,10000.0,6000.0,0.6,53,31,100,1400,1865,tro_lai_sau_dinh_chi,open_days_thieu=31
SAL,2024-03-21,2024-02-06,3140.174,1908.733,0.607843,44,26,100,100,982,tro_lai_sau_dinh_chi,open_days_thieu=26
BBH,2024-03-27,2024-02-19,7770.241,10859.614,1.39759,37,26,100,100,752,tro_lai_sau_dinh_chi,open_days_thieu=26
EME,2024-03-27,2024-02-19,46289.88,29484.0,0.636943,37,26,100,100,1488,tro_lai_sau_dinh_chi,open_days_thieu=26
GER,2024-03-28,2024-02-20,11988.81,16667.37,1.390244,37,26,100,100,1571,tro_lai_sau_dinh_chi,open_days_thieu=26
CKA,2024-04-01,2024-02-02,21155.232,29586.1,1.398524,59,35,3600,100,1209,tro_lai_sau_dinh_chi,open_days_thieu=35
LAW,2024-04-02,2024-02-05,25300.0,17000.0,0.671937,57,35,200,100,1433,tro_lai_sau_dinh_chi,open_days_thieu=35
APL,2024-04-05,2024-02-05,14766.576,20640.573,1.39779,60,38,400,100,1485,tro_lai_sau_dinh_chi,open_days_thieu=38
FRM,2024-04-17,2024-03-07,3693.461,2380.23,0.644444,41,28,100,100,1383,tro_lai_sau_dinh_chi,open_days_thieu=28
TRT,2024-04-26,2024-03-12,10800.0,6500.0,0.601852,45,31,200,100,1536,tro_lai_sau_dinh_chi,open_days_thieu=31
UCT,2024-05-15,2024-04-01,4663.0,6500.0,1.393952,44,27,4300,200,1652,tro_lai_sau_dinh_chi,open_days_thieu=27
BEL,2024-05-17,2024-04-01,13591.56,18954.216,1.394558,46,29,100,100,1595,tro_lai_sau_dinh_chi,open_days_thieu=29
CCP,2024-05-22,2024-03-29,22454.925,13754.238,0.612527,54,33,200,800,1587,tro_lai_sau_dinh_chi,open_days_thieu=33
THN,2024-05-22,2024-04-09,2723.333,3775.53,1.386364,43,26,100,100,596,tro_lai_sau_dinh_chi,open_days_thieu=26
CCV,2024-06-03,2024-04-22,25306.251,34837.4,1.376632,42,26,100,100,1515,tro_lai_sau_dinh_chi,open_days_thieu=26
VLP,2024-07-02,2024-06-20,192.858,257.144,1.333333,12,7,100,100,1133,bar_thieu,open_days_thieu=7
CHC,2024-08-01,2024-06-25,4666.5,6533.1,1.4,37,26,100,100,1562,tro_lai_sau_dinh_chi,open_days_thieu=26
HTP,2024-08-09,2024-07-26,5600.0,4142.0,0.739643,14,9,1225119,3807900,2102,bar_thieu,open_days_thieu=9
PMJ,2024-08-12,2024-06-24,19420.74,14542.1,0.748792,49,34,100,200,1609,tro_lai_sau_dinh_chi,open_days_thieu=34
DCF,2024-08-14,2024-07-08,30347.669,39164.03,1.290512,37,26,700,4100,1590,tro_lai_sau_dinh_chi,open_days_thieu=26
VWS,2024-08-14,2024-06-20,21753.403,13365.438,0.614407,55,38,100,100,1614,tro_lai_sau_dinh_chi,open_days_thieu=38
BTG,2024-08-20,2024-06-27,8800.0,5500.0,0.625,54,37,500,500,1911,tro_lai_sau_dinh_chi,open_days_thieu=37
TNB,2024-08-21,2024-07-15,15700.0,9500.0,0.605096,37,26,100,400,1839,tro_lai_sau_dinh_chi,open_days_thieu=26
DAS,2024-09-05,2024-07-09,9596.543,5758.2,0.600029,58,39,100,600,1602,tro_lai_sau_dinh_chi,open_days_thieu=39
PMT,2024-09-05,2024-07-16,7900.0,4876.0,0.617215,51,34,100,3400,1723,tro_lai_sau_dinh_chi,open_days_thieu=34
C22,2024-09-06,2024-07-10,12899.505,8631.35,0.669123,58,39,200,100,1296,tro_lai_sau_dinh_chi,open_days_thieu=39
USC,2024-09-13,2024-08-02,10967.14,6756.541,0.616071,42,27,100,1500,1421,tro_lai_sau_dinh_chi,open_days_thieu=27
VLP,2024-09-16,2024-07-24,450.002,578.574,1.285714,54,35,100,100,1137,tro_lai_sau_dinh_chi,open_days_thieu=35
X26,2024-09-18,2024-07-30,14892.8,20849.92,1.4,50,33,300,100,1255,tro_lai_sau_dinh_chi,open_days_thieu=33
HES,2024-09-19,2024-08-05,20795.849,29095.111,1.399083,45,30,100,100,1671,tro_lai_sau_dinh_chi,open_days_thieu=30
TPS,2024-09-19,2024-07-26,16728.109,23383.378,1.397849,55,36,100,100,1661,tro_lai_sau_dinh_chi,open_days_thieu=36
KHW,2024-09-23,2024-08-12,19884.157,12319.532,0.619565,42,27,100,100,1594,tro_lai_sau_dinh_chi,open_days_thieu=27
GER,2024-09-27,2024-08-15,15368.095,9300.0,0.60515,43,28,900,100,1583,tro_lai_sau_dinh_chi,open_days_thieu=28
UEM,2024-10-03,2024-08-09,13610.717,8823.499,0.648276,55,36,400,500,1177,tro_lai_sau_dinh_chi,open_days_thieu=36
VIW,2024-10-03,2024-08-05,9000.0,12300.0,1.366667,59,40,500,200,1339,tro_lai_sau_dinh_chi,open_days_thieu=40
TRT,2024-10-11,2024-10-09,9000.0,12000.0,1.333333,2,1,1200,600,1560,bar_thieu,open_days_thieu=1
IBD,2024-10-14,2024-08-23,7144.232,9553.334,1.337209,52,33,100,100,972,tro_lai_sau_dinh_chi,open_days_thieu=33
C22,2024-10-15,2024-09-06,8631.35,12045.95,1.395604,39,26,100,100,1297,tro_lai_sau_dinh_chi,open_days_thieu=26
CID,2024-10-16,2024-09-06,39577.199,28949.254,0.731463,40,27,110,2400,1788,tro_lai_sau_dinh_chi,open_days_thieu=27
DNT,2024-10-16,2024-08-30,53491.873,33978.504,0.635209,47,30,300,100,1028,tro_lai_sau_dinh_chi,open_days_thieu=30
YBC,2024-10-17,2024-08-19,7400.0,9800.0,1.324324,59,40,100,100,1898,tro_lai_sau_dinh_chi,open_days_thieu=40
MRF,2024-10-22,2024-09-13,19500.0,27300.0,1.4,39,26,500,100,1437,tro_lai_sau_dinh_chi,open_days_thieu=26
HES,2024-10-23,2024-10-21,40542.367,54565.256,1.345882,2,1,200,100,1679,bar_thieu,open_days_thieu=1
IN4,2024-10-24,2024-09-06,20639.274,28870.413,1.39881,48,33,1000,100,1626,tro_lai_sau_dinh_chi,open_days_thieu=33
GGG,2024-10-25,2024-10-18,4300.0,3200.0,0.744186,7,4,271700,286900,1892,bar_thieu,open_days_thieu=4
VLP,2024-10-30,2024-09-20,642.86,900.004,1.4,40,27,100,100,1139,tro_lai_sau_dinh_chi,open_days_thieu=27
VIM,2024-10-31,2024-09-23,20794.4,12760.2,0.613636,38,27,100,100,1651,tro_lai_sau_dinh_chi,open_days_thieu=27
GER,2024-11-05,2024-09-27,9300.0,13000.0,1.397849,39,26,100,100,1584,tro_lai_sau_dinh_chi,open_days_thieu=26
DXL,2024-11-07,2024-10-01,6400.0,8900.0,1.390625,37,26,100,100,1635,tro_lai_sau_dinh_chi,open_days_thieu=26
BMV,2024-11-08,2024-09-19,11597.874,6978.382,0.601695,50,35,100,1500,1511,tro_lai_sau_dinh_chi,open_days_thieu=35
VXT,2024-11-08,2024-10-28,15095.45,9933.78,0.658065,11,8,25100,13600,813,bar_thieu,open_days_thieu=8
ATA,2024-11-15,2024-11-08,600.0,400.0,0.666667,7,4,49400,105100,1929,bar_thieu,open_days_thieu=4
PEG,2024-11-15,2024-11-14,6400.0,4400.0,0.6875,1,0,1200,100,1088,khong_giai_thich_duoc,
UPC,2024-11-20,2024-11-19,37824.0,28032.0,0.741117,1,0,200,200,1547,khong_giai_thich_duoc,
DCF,2024-11-26,2024-11-18,31273.412,42985.367,1.374502,8,5,300,200,1596,bar_thieu,open_days_thieu=5
SPV,2024-11-26,2024-11-19,10385.121,13020.151,1.253731,7,4,600,200,1626,bar_thieu,open_days_thieu=4
PEG,2024-12-03,2024-12-02,4200.0,5400.0,1.285714,1,0,3700,100,1094,khong_giai_thich_duoc,
SPV,2024-12-03,2024-12-02,9532.611,11935.139,1.252033,1,0,300,3800,1629,khong_giai_thich_duoc,
PEG,2024-12-09,2024-12-06,4600.0,5900.0,1.282609,3,0,400,100,1098,khong_giai_thich_duoc,
HBD,2024-12-10,2024-10-18,15261.323,9680.039,0.634286,53,36,100,3300,1676,tro_lai_sau_dinh_chi,open_days_thieu=36
TNB,2024-12-10,2024-10-25,10500.0,6300.0,0.6,46,31,100,200,1856,tro_lai_sau_dinh_chi,open_days_thieu=31
LTC,2024-12-13,2024-12-06,1400.0,1800.0,1.285714,7,4,23000,26900,1934,bar_thieu,open_days_thieu=4
MRF,2024-12-13,2024-11-05,19700.0,12100.0,0.614213,38,27,100,100,1443,tro_lai_sau_dinh_chi,open_days_thieu=27
DDM,2024-12-20,2024-12-13,1400.0,1800.0,1.285714,7,4,3300,19500,1912,bar_thieu,open_days_thieu=4
KIP,2024-12-23,2024-12-18,10821.166,6956.464,0.642857,5,2,5100,6200,1645,bar_thieu,open_days_thieu=2
RBC,2024-12-24,2024-12-23,6600.0,4900.0,0.742424,1,0,2300,100,1262,khong_giai_thich_duoc,
SPV,2024-12-24,2024-12-23,11315.131,8447.598,0.746575,1,0,200,100,1641,khong_giai_thich_duoc,
XHC,2024-12-24,2024-12-23,16815.223,22392.131,1.331658,1,0,4700,1500,1727,khong_giai_thich_duoc,
HPI,2024-12-26,2024-11-18,13000.0,18200.0,1.4,38,27,100,100,1475,tro_lai_sau_dinh_chi,open_days_thieu=27
UEM,2024-12-27,2024-12-26,9386.701,13235.249,1.41,1,0,400,100,1179,khong_giai_thich_duoc,
CID,2025-01-02,2024-12-31,16814.361,21097.264,1.254717,2,0,5900,200,1839,khong_giai_thich_duoc,
DCF,2025-01-03,2024-11-26,42985.367,25791.22,0.6,38,26,200,2300,1597,tro_lai_sau_dinh_chi,open_days_thieu=26
MGR,2025-01-03,2025-01-02,3400.0,4300.0,1.264706,1,0,200,100,457,khong_giai_thich_duoc,
DDH,2025-01-06,2024-11-21,14245.61,8671.241,0.608696,46,30,200,5600,1470,tro_lai_sau_dinh_chi,open_days_thieu=30
GER,2025-01-06,2024-11-08,12900.0,8000.0,0.620155,59,39,200,200,1586,tro_lai_sau_dinh_chi,open_days_thieu=39
HFC,2025-01-06,2025-01-03,10000.0,6600.0,0.66,3,0,4200,14600,1938,chia_tach_manh_da_biet,trung 51 su kien da biet (a7c6c41)
PBT,2025-01-06,2025-01-03,7847.4,9952.8,1.268293,3,0,5100,100,1207,khong_giai_thich_duoc,
VDT,2025-01-07,2025-01-03,14083.5,17745.21,1.26,4,1,300,200,1659,bar_thieu,open_days_thieu=1
DVC,2025-01-08,2025-01-07,6941.94,9193.38,1.324324,1,0,400,200,1751,khong_giai_thich_duoc,
MGR,2025-01-15,2025-01-14,3100.0,4000.0,1.290323,1,0,200,200,465,khong_giai_thich_duoc,
DNL,2025-01-17,2024-12-02,31503.887,19632.857,0.623188,46,32,18300,2400,1760,tro_lai_sau_dinh_chi,open_days_thieu=32
HBD,2025-01-17,2024-12-10,9680.039,13517.172,1.396396,38,26,3300,400,1677,tro_lai_sau_dinh_chi,open_days_thieu=26
XDH,2025-01-17,2025-01-16,15411.2,10402.56,0.675,1,0,500,200,1272,chia_tach_manh_da_biet,trung 51 su kien da biet (a7c6c41)
XDH,2025-01-20,2025-01-17,10402.56,13966.4,1.342593,3,0,200,100,1273,khong_giai_thich_duoc,
MGR,2025-01-23,2025-01-22,2900.0,3700.0,1.275862,1,0,200,200,471,khong_giai_thich_duoc,
KIP,2025-01-24,2025-01-22,5839.994,7729.404,1.323529,2,1,2700,100,1649,bar_thieu,open_days_thieu=1
VHD,2025-02-05,2025-02-04,8200.0,10500.0,1.280488,1,0,500,100,1796,khong_giai_thich_duoc,
DAS,2025-02-07,2024-12-19,5484.0,3381.8,0.616667,50,29,100,100,1604,tro_lai_sau_dinh_chi,open_days_thieu=29
UPC,2025-02-07,2024-12-24,20352.0,12480.0,0.613208,45,26,100,100,1556,tro_lai_sau_dinh_chi,open_days_thieu=26
TMW,2025-02-10,2024-12-23,22510.8,13564.2,0.602564,49,28,4000,100,1573,tro_lai_sau_dinh_chi,open_days_thieu=28
HES,2025-02-12,2025-01-24,23085.301,16312.341,0.706612,19,7,5000,100,1691,bar_thieu,open_days_thieu=7
THU,2025-02-12,2025-02-11,14299.5,9342.34,0.653333,1,0,3300,600,1490,khong_giai_thich_duoc,
QNT,2025-02-13,2025-02-12,7800.0,9900.0,1.269231,1,0,1000,400,809,khong_giai_thich_duoc,
DNM,2025-02-18,2025-02-14,8000.0,11400.0,1.425,4,1,2200,100,1823,bar_thieu,open_days_thieu=1
GER,2025-02-20,2025-01-06,8000.0,4800.0,0.6,45,27,200,100,1587,tro_lai_sau_dinh_chi,open_days_thieu=27
BEL,2025-02-25,2024-12-31,18606.564,11182.733,0.60101,56,33,80000,100,1607,tro_lai_sau_dinh_chi,open_days_thieu=33
HES,2025-02-28,2025-02-26,15358.403,20700.456,1.347826,2,1,200,100,1697,bar_thieu,open_days_thieu=1
DFC,2025-03-04,2025-03-03,16245.461,20427.46,1.257426,1,0,6600,3300,1788,khong_giai_thich_duoc,
DSG,2025-03-07,2025-02-20,6300.0,4500.0,0.714286,15,10,1200,400,1521,tro_lai_sau_dinh_chi,open_days_thieu=10
LQN,2025-03-07,2025-02-28,2400.0,1600.0,0.666667,7,4,5700,3000,965,bar_thieu,open_days_thieu=4
QNT,2025-03-07,2025-03-05,11300.0,15500.0,1.371681,2,1,5400,100,822,bar_thieu,open_days_thieu=1
YBC,2025-03-10,2025-03-07,12000.0,15200.0,1.266667,3,0,3200,5100,1937,khong_giai_thich_duoc,
VNI,2025-03-11,2025-03-10,14300.0,18000.0,1.258741,1,0,400,1800,1928,khong_giai_thich_duoc,
SPV,2025-03-12,2025-03-11,11780.137,15112.675,1.282895,1,0,1500,800,1663,khong_giai_thich_duoc,
E12,2025-03-13,2025-03-03,5300.0,7100.0,1.339623,10,7,700,300,957,bar_thieu,open_days_thieu=7
SEP,2025-03-17,2025-03-10,14410.986,19246.251,1.335526,7,4,200,500,1651,bar_thieu,open_days_thieu=4
MRF,2025-03-26,2025-02-17,16000.0,22400.0,1.4,37,26,100,100,1446,tro_lai_sau_dinh_chi,open_days_thieu=26
BBM,2025-03-31,2025-03-28,5418.412,7006.567,1.293103,3,0,200,200,1513,khong_giai_thich_duoc,
SKN,2025-04-02,2025-03-20,5770.623,7457.42,1.292308,13,8,1500,400,1332,bar_thieu,open_days_thieu=8
PAI,2025-04-04,2025-02-05,11106.16,15529.8,1.398305,58,41,300,300,1094,tro_lai_sau_dinh_chi,open_days_thieu=41
PBT,2025-04-09,2025-04-08,8708.7,11005.5,1.263736,1,0,1900,700,1257,khong_giai_thich_duoc,
STW,2025-04-09,2025-04-08,30526.65,42737.31,1.4,1,0,1500,400,1274,khong_giai_thich_duoc,
DVC,2025-04-11,2025-04-10,8536.71,11069.58,1.296703,1,0,1400,100,1774,khong_giai_thich_duoc,
DPC,2025-04-18,2025-03-10,9600.0,13400.0,1.395833,39,27,500,100,968,tro_lai_sau_dinh_chi,open_days_thieu=27
SPV,2025-04-18,2025-04-17,11470.133,14570.169,1.27027,1,0,1700,100,1681,khong_giai_thich_duoc,
DVC,2025-04-23,2025-04-22,8442.9,10600.53,1.255556,1,0,400,100,1779,khong_giai_thich_duoc,
CI5,2025-04-25,2025-04-24,7700.0,5600.0,0.727273,1,0,1100,2300,2111,khong_giai_thich_duoc,
RBC,2025-05-08,2025-05-07,8000.0,5800.0,0.725,1,0,4200,100,1306,nghi_chia_tach_le,ty_le=10:4
VUA,2025-05-12,2025-04-04,21400.0,15900.0,0.742991,38,21,500,600,638,tro_lai_sau_dinh_chi,open_days_thieu=21
TSJ,2025-05-13,2025-03-31,34914.9,26041.5,0.745856,43,26,2200,100,1538,tro_lai_sau_dinh_chi,open_days_thieu=26
FRM,2025-05-14,2025-05-13,12676.68,9186.0,0.724638,1,0,600,500,1409,nghi_chia_tach_le,ty_le=10:4
USC,2025-05-16,2025-04-02,6732.68,9405.95,1.397059,44,27,100,200,1435,tro_lai_sau_dinh_chi,open_days_thieu=27
DLT,2025-05-20,2025-04-04,8144.2,11364.0,1.395349,46,27,100,200,1577,tro_lai_sau_dinh_chi,open_days_thieu=27
BMG,2025-05-21,2025-05-20,15447.5,11562.5,0.748503,1,0,200,100,1165,khong_giai_thich_duoc,
DNN,2025-05-21,2025-05-16,175.252,233.67,1.333337,5,2,300,100,760,bar_thieu,open_days_thieu=2
MQB,2025-05-29,2025-05-27,9578.0,6417.26,0.67,2,1,200,200,623,bar_thieu,open_days_thieu=1
SPV,2025-05-30,2025-05-29,11315.131,15655.182,1.383562,1,0,3400,1300,1699,khong_giai_thich_duoc,
CI5,2025-06-02,2025-05-30,6600.0,8700.0,1.318182,3,0,200,100,2128,khong_giai_thich_duoc,
SPV,2025-06-04,2025-06-03,12477.645,18212.711,1.459627,1,0,25200,1300,1702,khong_giai_thich_duoc,
NTW,2025-06-05,2025-04-15,17106.554,10878.014,0.635897,51,33,100,100,1951,tro_lai_sau_dinh_chi,open_days_thieu=33
TA6,2025-06-16,2025-04-29,9808.953,5973.08,0.608942,48,30,200,100,1450,tro_lai_sau_dinh_chi,open_days_thieu=30
PTP,2025-06-20,2025-05-14,7559.377,10509.377,1.390244,37,26,100,2000,1716,tro_lai_sau_dinh_chi,open_days_thieu=26
VKC,2025-06-20,2025-06-13,600.0,800.0,1.333333,7,4,40600,50600,1971,bar_thieu,open_days_thieu=4
UPC,2025-06-23,2025-06-20,13440.0,17760.0,1.321429,3,0,800,100,1558,khong_giai_thich_duoc,
HPB,2025-06-24,2025-05-09,14890.3,19514.13,1.310526,46,31,100,100,1693,tro_lai_sau_dinh_chi,open_days_thieu=31
TSG,2025-06-26,2025-06-18,22437.6,13743.03,0.6125,8,5,2900,200,1611,bar_thieu,open_days_thieu=5
VVN,2025-06-27,2025-05-16,2500.0,1800.0,0.72,42,29,1200,300,1438,tro_lai_sau_dinh_chi,open_days_thieu=29
PJS,2025-07-01,2025-06-30,25118.6,33523.67,1.334615,1,0,200,100,1830,khong_giai_thich_duoc,
TRT,2025-07-03,2025-05-06,11000.0,6600.0,0.6,58,41,500,100,1600,tro_lai_sau_dinh_chi,open_days_thieu=41
YBC,2025-07-04,2025-07-03,13400.0,9300.0,0.69403,1,0,1200,300,1990,nghi_chia_tach_le,ty_le=7:10
BMG,2025-07-10,2025-05-21,11562.5,16187.5,1.4,50,35,100,200,1166,tro_lai_sau_dinh_chi,open_days_thieu=35
DSG,2025-07-11,2025-07-04,5000.0,3700.0,0.74,7,4,1300,100,1535,bar_thieu,open_days_thieu=4
THM,2025-07-11,2025-07-10,6700.0,8700.0,1.298507,1,0,18200,100,275,khong_giai_thich_duoc,
KIP,2025-07-18,2025-06-09,9189.402,11937.635,1.299065,39,28,100,100,1670,tro_lai_sau_dinh_chi,open_days_thieu=28
G20,2025-07-25,2025-07-18,700.0,500.0,0.714286,7,4,267400,139300,1967,bar_thieu,open_days_thieu=4
APL,2025-07-28,2025-06-19,10767.5,14417.5,1.338983,39,26,300,100,1542,tro_lai_sau_dinh_chi,open_days_thieu=26
DNL,2025-07-31,2025-06-12,27825.5,38380.0,1.37931,49,34,1200,49700,1777,tro_lai_sau_dinh_chi,open_days_thieu=34
GER,2025-08-01,2025-06-25,4800.0,2900.0,0.604167,37,26,100,100,1589,tro_lai_sau_dinh_chi,open_days_thieu=26
GGG,2025-08-01,2025-07-25,5700.0,7300.0,1.280702,7,4,624000,77200,1930,bar_thieu,open_days_thieu=4
GVT,2025-08-05,2025-08-01,121131.61,79982.081,0.660291,4,1,1400,100,1782,bar_thieu,open_days_thieu=1
CT3,2025-08-08,2025-08-01,10000.0,7100.0,0.71,7,4,10200,100300,1649,bar_thieu,open_days_thieu=4
DNH,2025-08-08,2025-07-30,39389.979,50438.388,1.280488,9,6,800,500,1631,bar_thieu,open_days_thieu=6
VIR,2025-08-08,2025-08-01,2500.0,3200.0,1.28,7,4,8500,1700,1557,bar_thieu,open_days_thieu=4
HLO,2025-08-11,2025-06-30,12396.0,17354.4,1.4,42,29,1500,100,21,tro_lai_sau_dinh_chi,open_days_thieu=29
DOP,2025-08-13,2025-07-04,11495.9,16094.26,1.4,40,27,300,100,1635,tro_lai_sau_dinh_chi,open_days_thieu=27
HLS,2025-08-26,2025-07-11,13707.0,19189.8,1.4,46,31,100,100,1449,tro_lai_sau_dinh_chi,open_days_thieu=31
DCT,2025-08-29,2025-08-22,500.0,700.0,1.4,7,4,8900,7000,1914,bar_thieu,open_days_thieu=4
IN4,2025-08-29,2025-07-08,34135.534,47912.6,1.403599,52,37,200,300,1644,tro_lai_sau_dinh_chi,open_days_thieu=37
PHH,2025-08-29,2025-08-01,4600.0,6200.0,1.347826,28,19,31400,10200,1878,tro_lai_sau_dinh_chi,open_days_thieu=19
LNC,2025-09-03,2025-07-18,7885.6,4731.36,0.6,47,30,100,400,920,tro_lai_sau_dinh_chi,open_days_thieu=30
BCB,2025-09-05,2025-07-23,900.0,1200.0,1.333333,44,29,100,100,382,tro_lai_sau_dinh_chi,open_days_thieu=29
TSG,2025-09-05,2025-07-28,15799.81,10000.0,0.632919,39,26,100,3500,1614,tro_lai_sau_dinh_chi,open_days_thieu=26
BMG,2025-09-08,2025-07-29,16187.5,9712.5,0.6,41,26,100,100,1172,tro_lai_sau_dinh_chi,open_days_thieu=26
NVP,2025-09-08,2025-07-29,11396.5,7432.5,0.652174,41,26,100,100,1128,tro_lai_sau_dinh_chi,open_days_thieu=26
ONW,2025-09-09,2025-07-25,4200.0,5800.0,1.380952,46,29,3000,4900,1521,tro_lai_sau_dinh_chi,open_days_thieu=29
PJS,2025-09-09,2025-08-20,21737.25,27900.0,1.283511,20,11,300,100,1843,tro_lai_sau_dinh_chi,open_days_thieu=11
BHH,2025-09-18,2025-09-17,18289.4,23006.14,1.257895,1,0,200,100,60,khong_giai_thich_duoc,
DKG,2025-09-19,2025-09-11,6900.0,8900.0,1.289855,8,5,400,200,51,bar_thieu,open_days_thieu=5
TMW,2025-09-19,2025-08-05,45000.0,27000.0,0.6,45,30,300,100,1631,tro_lai_sau_dinh_chi,open_days_thieu=30
BGW,2025-10-02,2025-08-05,15190.4,19937.4,1.3125,58,39,9200,2600,1448,tro_lai_sau_dinh_chi,open_days_thieu=39
BSD,2025-10-02,2025-08-21,8027.88,11181.69,1.392857,42,27,100,100,1548,tro_lai_sau_dinh_chi,open_days_thieu=27
CMI,2025-10-03,2025-09-26,700.0,500.0,0.714286,7,4,8500,6800,1951,bar_thieu,open_days_thieu=4
GND,2025-10-07,2025-10-03,21462.408,26874.667,1.252174,4,1,3000,100,1913,bar_thieu,open_days_thieu=1
TVH,2025-10-07,2025-08-13,21506.24,30051.13,1.397321,55,36,100,200,1114,tro_lai_sau_dinh_chi,open_days_thieu=36
DOC,2025-10-08,2025-08-11,8700.3,11000.0,1.264324,58,39,100,5200,1724,tro_lai_sau_dinh_chi,open_days_thieu=39
BWA,2025-10-13,2025-09-03,11466.06,15547.2,1.355932,40,27,300,1400,1665,tro_lai_sau_dinh_chi,open_days_thieu=27
TW3,2025-10-13,2025-10-10,18000.0,23000.0,1.277778,3,0,1200,100,1717,khong_giai_thich_duoc,
NVP,2025-10-16,2025-09-08,7432.5,10405.5,1.4,38,27,100,400,1129,tro_lai_sau_dinh_chi,open_days_thieu=27
PCM,2025-10-16,2025-09-04,12400.0,7600.0,0.612903,42,29,2100,100,1553,tro_lai_sau_dinh_chi,open_days_thieu=29
CMI,2025-10-17,2025-10-10,500.0,700.0,1.4,7,4,6400,12100,1953,bar_thieu,open_days_thieu=4
MPT,2025-10-17,2025-10-10,700.0,500.0,0.714286,7,4,24300,20400,1979,bar_thieu,open_days_thieu=4
FRC,2025-10-22,2025-09-12,25000.0,35000.0,1.4,40,27,2100,200,1469,tro_lai_sau_dinh_chi,open_days_thieu=27
HMD,2025-10-22,2025-09-12,24360.0,14616.0,0.6,40,27,100,100,41,tro_lai_sau_dinh_chi,open_days_thieu=27
DVC,2025-10-28,2025-10-16,12758.16,16885.8,1.323529,12,7,200,100,1832,bar_thieu,open_days_thieu=7
DAS,2025-10-29,2025-10-28,7500.0,9500.0,1.266667,1,0,1800,3500,1648,khong_giai_thich_duoc,
NDP,2025-10-29,2025-10-28,18827.52,24515.0,1.302083,1,0,1100,100,1806,khong_giai_thich_duoc,
ONW,2025-10-30,2025-09-10,5800.0,3600.0,0.62069,50,35,100,200,1523,tro_lai_sau_dinh_chi,open_days_thieu=35
TAW,2025-11-05,2025-09-24,22110.0,30954.0,1.4,42,29,100,100,1580,tro_lai_sau_dinh_chi,open_days_thieu=29
VMT,2025-11-06,2025-09-16,14000.0,19500.0,1.392857,51,36,100,100,202,tro_lai_sau_dinh_chi,open_days_thieu=36
DKG,2025-11-07,2025-09-30,9700.0,5900.0,0.608247,38,27,100,200,58,tro_lai_sau_dinh_chi,open_days_thieu=27
MIE,2025-11-07,2025-09-17,6800.0,4200.0,0.617647,51,36,300,200,1039,tro_lai_sau_dinh_chi,open_days_thieu=36
RCC,2025-11-07,2025-09-29,25500.0,32500.0,1.27451,39,28,100,100,1919,tro_lai_sau_dinh_chi,open_days_thieu=28
BHH,2025-11-10,2025-11-07,14535.26,18578.18,1.278146,3,0,4900,900,76,khong_giai_thich_duoc,
DKG,2025-11-10,2025-11-07,5900.0,8800.0,1.491525,3,0,200,100,59,khong_giai_thich_duoc,
STW,2025-11-11,2025-09-24,34693.78,48500.0,1.397945,48,33,100,100,1284,tro_lai_sau_dinh_chi,open_days_thieu=33
TVH,2025-11-13,2025-10-07,30051.13,42052.38,1.399361,37,26,200,100,1115,tro_lai_sau_dinh_chi,open_days_thieu=26
CMM,2025-11-20,2025-11-19,29600.0,19100.0,0.64527,1,0,5400,2000,676,khong_giai_thich_duoc,
SPB,2025-11-20,2025-10-07,15000.0,21000.0,1.4,44,31,1000,1600,1628,tro_lai_sau_dinh_chi,open_days_thieu=31
BBH,2025-11-24,2025-10-03,10302.14,14384.12,1.396226,52,35,100,11400,909,tro_lai_sau_dinh_chi,open_days_thieu=35
DC1,2025-11-26,2025-11-25,6666.3,4888.62,0.733333,1,0,500,100,1948,khong_giai_thich_duoc,
DNT,2025-11-27,2025-10-15,32656.46,44199.68,1.353474,43,30,100,100,1052,tro_lai_sau_dinh_chi,open_days_thieu=30
VTX,2025-11-27,2025-09-30,8100.0,5000.0,0.617284,58,41,100,100,1896,tro_lai_sau_dinh_chi,open_days_thieu=41
PND,2025-11-28,2025-10-06,6700.0,4200.0,0.626866,53,38,100,1500,1742,tro_lai_sau_dinh_chi,open_days_thieu=38
BCP,2025-12-03,2025-11-27,9000.0,11300.0,1.255556,6,3,4000,100,1996,bar_thieu,open_days_thieu=3
PCM,2025-12-03,2025-10-22,6600.0,9200.0,1.393939,42,29,100,100,1555,tro_lai_sau_dinh_chi,open_days_thieu=29
PNG,2025-12-03,2025-11-18,15783.903,22345.751,1.41573,15,10,200,100,1825,tro_lai_sau_dinh_chi,open_days_thieu=10
PLE,2025-12-04,2025-10-16,45000.0,62500.0,1.388889,49,34,200,100,652,tro_lai_sau_dinh_chi,open_days_thieu=34
NAU,2025-12-08,2025-10-21,6275.75,8786.05,1.4,48,33,100,100,1026,tro_lai_sau_dinh_chi,open_days_thieu=33
KIP,2025-12-09,2025-10-24,12606.74,17483.8,1.386861,46,31,100,200,1687,tro_lai_sau_dinh_chi,open_days_thieu=31
TTS,2025-12-11,2025-12-04,8000.0,5200.0,0.65,7,4,2100,300,1343,bar_thieu,open_days_thieu=4
NVP,2025-12-12,2025-12-10,54802.3,69270.9,1.264014,2,1,300,100,1150,bar_thieu,open_days_thieu=1
PNG,2025-12-15,2025-12-12,22257.077,29794.334,1.338645,3,0,800,100,1829,khong_giai_thich_duoc,
KIP,2025-12-19,2025-12-09,17483.8,12606.74,0.721053,10,7,200,1500,1688,bar_thieu,open_days_thieu=7
SEA,2025-12-19,2025-12-18,32000.0,40500.0,1.265625,1,0,183800,100,2121,khong_giai_thich_duoc,
VDN,2025-12-22,2025-11-03,18795.0,26313.0,1.4,49,34,300,100,1842,tro_lai_sau_dinh_chi,open_days_thieu=34
PRO,2025-12-24,2025-10-29,6000.0,8400.0,1.4,56,39,200,200,2056,tro_lai_sau_dinh_chi,open_days_thieu=39
TSJ,2025-12-26,2025-12-25,27500.0,34700.0,1.261818,1,0,15000,5500,1584,khong_giai_thich_duoc,
X26,2025-12-26,2025-11-11,24200.8,15000.0,0.619814,45,32,3500,100,1266,tro_lai_sau_dinh_chi,open_days_thieu=32
VES,2025-12-30,2025-12-29,16200.0,10800.0,0.666667,1,0,4400,20100,1941,chia_tach_manh_da_biet,trung 51 su kien da biet (a7c6c41)
BHI,2025-12-31,2025-12-30,6700.0,8800.0,1.313433,1,0,200,200,309,khong_giai_thich_duoc,
RCC,2026-01-06,2025-12-31,15500.0,19800.0,1.277419,6,1,2600,200,1944,bar_thieu,open_days_thieu=1
CCV,2026-01-07,2025-11-19,46746.6,59579.0,1.27451,49,32,100,100,1550,tro_lai_sau_dinh_chi,open_days_thieu=32
NDP,2026-01-07,2025-11-19,28143.22,19612.0,0.696864,49,32,231200,2500,1808,tro_lai_sau_dinh_chi,open_days_thieu=32
DNT,2026-01-08,2025-11-27,44199.68,61000.0,1.3801,42,27,100,100,1053,tro_lai_sau_dinh_chi,open_days_thieu=27
PCM,2026-01-08,2026-01-07,17300.0,12500.0,0.722543,1,0,8100,100,1573,nghi_chia_tach_le,ty_le=10:4
TH1,2026-01-09,2025-12-26,3900.0,2900.0,0.74359,14,7,7200,1000,1864,bar_thieu,open_days_thieu=7
PNG,2026-01-12,2026-01-08,27045.452,35469.446,1.311475,4,1,1100,100,1835,bar_thieu,open_days_thieu=1
PRO,2026-01-14,2026-01-13,10100.0,12700.0,1.257426,1,0,600,100,2062,khong_giai_thich_duoc,
HLY,2026-01-16,2026-01-09,12600.0,9400.0,0.746032,7,4,25500,300,1849,bar_thieu,open_days_thieu=4
NTF,2026-01-16,2026-01-15,16100.0,11600.0,0.720497,1,0,3500,1400,1032,nghi_chia_tach_le,ty_le=10:4
GND,2026-01-22,2026-01-21,21383.04,27354.88,1.279279,1,0,600,200,1935,khong_giai_thich_duoc,
VDT,2026-01-26,2025-12-10,7300.0,5100.0,0.69863,47,30,400,100,1719,tro_lai_sau_dinh_chi,open_days_thieu=30
NVP,2026-01-27,2025-12-12,69270.9,41622.0,0.600858,46,29,100,100,1151,tro_lai_sau_dinh_chi,open_days_thieu=29
DM7,2026-01-30,2026-01-28,11518.36,16627.31,1.443548,2,1,400,100,1218,bar_thieu,open_days_thieu=1
TAB,2026-01-30,2025-12-17,18000.0,10900.0,0.605556,44,29,76100,700,136,tro_lai_sau_dinh_chi,open_days_thieu=29
TTS,2026-02-04,2025-12-19,4500.0,6300.0,1.4,47,30,100,2200,1345,tro_lai_sau_dinh_chi,open_days_thieu=30
HBD,2026-02-09,2025-12-22,17751.7,24291.8,1.368421,49,32,1000,300,1739,tro_lai_sau_dinh_chi,open_days_thieu=32
HES,2026-02-10,2025-12-29,28845.2,17735.9,0.614865,43,28,600,2100,1721,tro_lai_sau_dinh_chi,open_days_thieu=28
PJS,2026-02-10,2025-12-16,22000.0,30800.0,1.4,56,37,100,100,1862,tro_lai_sau_dinh_chi,open_days_thieu=37
NAU,2026-02-12,2026-01-06,22500.0,13500.0,0.6,37,26,100,1400,1038,tro_lai_sau_dinh_chi,open_days_thieu=26
PTT,2026-02-12,2026-02-11,7100.0,9300.0,1.309859,1,0,900,100,2030,khong_giai_thich_duoc,
VQC,2026-02-12,2025-12-18,11988.6,16691.82,1.392308,56,37,100,100,1866,tro_lai_sau_dinh_chi,open_days_thieu=37
CHC,2026-02-13,2026-01-05,9239.67,5599.8,0.606061,39,28,300,2100,1619,tro_lai_sau_dinh_chi,open_days_thieu=28
BHK,2026-02-24,2026-01-08,9357.0,13099.8,1.4,47,27,100,100,1342,tro_lai_sau_dinh_chi,open_days_thieu=27
LG9,2026-02-24,2026-02-11,3600.0,4700.0,1.305556,13,3,200,100,1627,bar_thieu,open_days_thieu=3
MGR,2026-02-24,2026-02-13,3600.0,4600.0,1.277778,11,1,400,100,628,bar_thieu,open_days_thieu=1
LUT,2026-02-27,2026-02-13,700.0,500.0,0.714286,14,4,18800,2500,1980,bar_thieu,open_days_thieu=4
DSD,2026-03-04,2026-03-02,15900.0,10900.0,0.685535,2,1,200,100,336,bar_thieu,open_days_thieu=1
PLO,2026-03-05,2026-03-04,3100.0,3900.0,1.258065,1,0,4500,3300,1089,khong_giai_thich_duoc,
GGG,2026-03-06,2026-02-27,3500.0,2600.0,0.742857,7,4,31300,6800,1957,bar_thieu,open_days_thieu=4
VXB,2026-03-06,2026-02-06,30300.0,40700.0,1.343234,28,14,200,100,1927,tro_lai_sau_dinh_chi,open_days_thieu=14
IBD,2026-03-09,2026-01-09,8166.6,4899.96,0.6,59,35,100,100,978,tro_lai_sau_dinh_chi,open_days_thieu=35
VTS,2026-03-10,2026-01-14,7000.0,4200.0,0.6,55,33,100,100,1940,tro_lai_sau_dinh_chi,open_days_thieu=33
LM3,2026-03-13,2026-03-06,2200.0,1600.0,0.727273,7,4,5800,21300,1901,bar_thieu,open_days_thieu=4
VPA,2026-03-13,2026-03-06,2300.0,1600.0,0.695652,7,4,31700,15000,1938,bar_thieu,open_days_thieu=4
BWA,2026-03-19,2026-03-17,12340.59,16421.73,1.330709,2,1,8900,4800,1672,bar_thieu,open_days_thieu=1
MPY,2026-03-19,2026-01-30,7000.0,9800.0,1.4,48,28,1200,100,1531,tro_lai_sau_dinh_chi,open_days_thieu=28
MRF,2026-03-19,2026-01-22,15000.0,21000.0,1.4,56,34,1500,500,1460,tro_lai_sau_dinh_chi,open_days_thieu=34
PRO,2026-03-19,2026-03-06,17200.0,23200.0,1.348837,13,8,200,2500,2072,bar_thieu,open_days_thieu=8
PRO,2026-03-20,2026-03-19,23200.0,15600.0,0.672414,1,0,2500,800,2073,chia_tach_manh_da_biet,trung 51 su kien da biet (a7c6c41)
SCC,2026-03-27,2026-02-27,3000.0,2200.0,0.733333,28,19,900,200,2075,tro_lai_sau_dinh_chi,open_days_thieu=19
PJS,2026-04-01,2026-02-10,30800.0,18500.0,0.600649,50,30,100,100,1863,tro_lai_sau_dinh_chi,open_days_thieu=30
CMI,2026-04-03,2026-03-27,600.0,800.0,1.333333,7,4,56300,24900,1975,bar_thieu,open_days_thieu=4
SDP,2026-04-10,2026-04-03,600.0,800.0,1.333333,7,4,3600,17100,1998,bar_thieu,open_days_thieu=4
LG9,2026-04-15,2026-04-14,4300.0,5500.0,1.27907,1,0,300,300,1649,khong_giai_thich_duoc,
VHF,2026-04-15,2026-03-05,3700.0,2300.0,0.621622,41,28,100,100,1629,tro_lai_sau_dinh_chi,open_days_thieu=28
DNM,2026-04-23,2026-04-21,11900.0,8900.0,0.747899,2,1,400,1200,1908,bar_thieu,open_days_thieu=1
DDH,2026-04-24,2026-03-05,5766.39,3478.14,0.603175,50,35,300,2000,1485,tro_lai_sau_dinh_chi,open_days_thieu=35
BTV,2026-05-05,2026-04-28,12285.96,16190.8,1.317829,7,2,8300,200,1763,bar_thieu,open_days_thieu=2
H11,2026-05-05,2026-04-28,8400.0,10800.0,1.285714,7,2,200,300,2287,bar_thieu,open_days_thieu=2
MEF,2026-05-05,2026-03-19,1500.0,2100.0,1.4,47,29,100,100,1089,tro_lai_sau_dinh_chi,open_days_thieu=29
VXT,2026-05-05,2026-04-28,45900.0,59100.0,1.287582,7,2,2500,200,849,bar_thieu,open_days_thieu=2
TRS,2026-05-06,2026-05-05,28100.0,35500.0,1.263345,1,0,400,100,1854,khong_giai_thich_duoc,
NAU,2026-05-08,2026-03-26,10600.0,7000.0,0.660377,43,27,2000,100,1043,tro_lai_sau_dinh_chi,open_days_thieu=27
VPC,2026-05-08,2026-04-10,3500.0,2600.0,0.742857,28,16,700,100,1911,tro_lai_sau_dinh_chi,open_days_thieu=16
HMD,2026-05-14,2026-04-02,16500.0,10100.0,0.612121,42,26,1000,100,76,tro_lai_sau_dinh_chi,open_days_thieu=26
VWS,2026-05-14,2026-03-27,14745.0,20643.0,1.4,48,30,1000,500,1656,tro_lai_sau_dinh_chi,open_days_thieu=30
SNC,2026-05-15,2026-03-30,26000.0,16000.0,0.615385,46,30,500,1000,1823,tro_lai_sau_dinh_chi,open_days_thieu=30
HNB,2026-05-18,2026-03-25,11476.85,16029.65,1.396694,54,34,100,200,1893,tro_lai_sau_dinh_chi,open_days_thieu=34
ONW,2026-05-18,2026-04-02,5000.0,7000.0,1.4,46,28,100,100,1525,tro_lai_sau_dinh_chi,open_days_thieu=28
H11,2026-05-25,2026-05-22,12800.0,17200.0,1.34375,3,0,33300,100,2295,khong_giai_thich_duoc,
H11,2026-05-28,2026-05-26,17500.0,22500.0,1.285714,2,1,5300,100,2297,bar_thieu,open_days_thieu=1
DTC,2026-05-29,2026-05-15,4300.0,5500.0,1.27907,14,9,1000,100,904,bar_thieu,open_days_thieu=9
UPC,2026-05-29,2026-05-28,26000.0,32600.0,1.253846,1,0,3000,200,1588,khong_giai_thich_duoc,
VHF,2026-06-01,2026-04-15,2300.0,1500.0,0.652174,47,29,100,100,1630,tro_lai_sau_dinh_chi,open_days_thieu=29
CMM,2026-06-02,2026-05-29,19000.0,24000.0,1.263158,4,1,200,100,757,bar_thieu,open_days_thieu=1
HMD,2026-06-03,2026-05-22,12500.0,16000.0,1.28,12,7,1200,500,82,bar_thieu,open_days_thieu=7
HBD,2026-06-04,2026-04-20,19000.0,24900.0,1.310526,45,29,100,300,1753,tro_lai_sau_dinh_chi,open_days_thieu=29
BMG,2026-06-05,2026-04-24,18500.0,11100.0,0.6,42,26,200,200,1194,tro_lai_sau_dinh_chi,open_days_thieu=26
GER,2026-06-08,2026-06-04,3600.0,4600.0,1.277778,4,1,1000,100,1593,bar_thieu,open_days_thieu=1
PNG,2026-06-08,2026-04-24,25715.348,36001.487,1.4,45,27,200,100,1842,tro_lai_sau_dinh_chi,open_days_thieu=27
BHI,2026-06-09,2026-06-08,4800.0,6300.0,1.3125,1,0,200,200,352,khong_giai_thich_duoc,
TSJ,2026-06-09,2026-06-08,31700.0,46900.0,1.479495,1,0,1200,100,1615,khong_giai_thich_duoc,
KTL,2026-06-11,2026-04-23,21100.0,12600.0,0.597156,49,31,4500,700,1995,tro_lai_sau_dinh_chi,open_days_thieu=31
HNP,2026-06-16,2026-05-07,30000.0,18000.0,0.6,40,27,100,100,1657,tro_lai_sau_dinh_chi,open_days_thieu=27
PTM,2026-06-16,2026-06-12,7800.0,10300.0,1.320513,4,1,300,300,984,bar_thieu,open_days_thieu=1
NVP,2026-06-18,2026-05-08,38649.0,51000.0,1.319568,41,28,100,100,1155,tro_lai_sau_dinh_chi,open_days_thieu=28
NJC,2026-06-19,2026-05-13,12800.0,17800.0,1.390625,37,26,100,100,919,tro_lai_sau_dinh_chi,open_days_thieu=26
TSJ,2026-06-19,2026-06-18,20400.0,28400.0,1.392157,1,0,3200,100,1623,khong_giai_thich_duoc,
BEL,2026-06-22,2026-05-12,17800.41,24900.0,1.398844,41,28,1000,100,1670,tro_lai_sau_dinh_chi,open_days_thieu=28
DPH,2026-06-23,2026-04-29,51000.0,30900.0,0.605882,55,36,100,100,1777,tro_lai_sau_dinh_chi,open_days_thieu=36
DCF,2026-06-26,2026-06-25,30700.0,39000.0,1.270358,1,0,3400,1000,1772,khong_giai_thich_duoc,
BMV,2026-06-29,2026-05-20,4600.0,3000.0,0.652174,40,27,400,300,1599,tro_lai_sau_dinh_chi,open_days_thieu=27
MPY,2026-06-30,2026-05-21,12500.0,17500.0,1.4,40,27,500,100,1543,tro_lai_sau_dinh_chi,open_days_thieu=27
SJG,2026-07-01,2026-06-29,30000.0,21800.0,0.726667,2,1,400,400,1867,bar_thieu,open_days_thieu=1
CMI,2026-07-03,2026-06-26,700.0,900.0,1.285714,7,4,4300,23800,1987,bar_thieu,open_days_thieu=4
DNN,2026-07-03,2026-05-26,7000.0,9800.0,1.4,38,27,100,100,785,tro_lai_sau_dinh_chi,open_days_thieu=27
PIS,2026-07-10,2026-07-09,8400.0,11100.0,1.321429,1,0,200,100,1686,khong_giai_thich_duoc,
H11,2026-07-13,2026-06-01,25000.0,15500.0,0.62,42,29,22500,100,2299,tro_lai_sau_dinh_chi,open_days_thieu=29
LMC,2026-07-13,2026-07-10,4700.0,6000.0,1.276596,3,0,1200,7100,1736,khong_giai_thich_duoc,
UPC,2026-07-13,2026-05-29,32600.0,19600.0,0.601227,45,30,200,1300,1589,tro_lai_sau_dinh_chi,open_days_thieu=30
TTS,2026-07-15,2026-06-05,16400.0,9800.0,0.597561,40,27,200,400,1356,tro_lai_sau_dinh_chi,open_days_thieu=27
DNH,2026-07-17,2026-05-22,49000.0,29500.0,0.602041,56,39,1600,100,1685,tro_lai_sau_dinh_chi,open_days_thieu=39
LMC,2026-07-20,2026-07-17,6300.0,4600.0,0.730159,3,0,2100,800,1739,khong_giai_thich_duoc,
KHD,2026-07-23,2026-05-27,16000.0,22000.0,1.375,57,40,8900,200,1810,tro_lai_sau_dinh_chi,open_days_thieu=40
QBS,2026-07-24,2026-07-17,600.0,400.0,0.666667,7,4,58300,294200,2197,bar_thieu,open_days_thieu=4
TV6,2026-07-24,2026-06-05,9100.0,5500.0,0.604396,49,34,200,100,751,tro_lai_sau_dinh_chi,open_days_thieu=34
DCR,2026-07-29,2026-07-09,5000.0,6600.0,1.32,20,13,200,100,1426,tro_lai_sau_dinh_chi,open_days_thieu=13
NVP,2026-07-29,2026-06-18,51000.0,30600.0,0.6,41,28,100,200,1156,tro_lai_sau_dinh_chi,open_days_thieu=28
DND,2026-07-30,2026-06-12,7900.0,10000.0,1.265823,48,33,500,100,1837,tro_lai_sau_dinh_chi,open_days_thieu=33
HNI,2026-08-03,2026-06-25,21200.0,29800.0,1.40566,39,26,2200,300,1772,tro_lai_sau_dinh_chi,open_days_thieu=26
CH5,2026-08-06,2026-06-11,15399.45,9300.0,0.603918,56,39,100,4800,1531,tro_lai_sau_dinh_chi,open_days_thieu=39
CMI,2026-08-07,2026-07-31,1100.0,1400.0,1.272727,7,4,2500,300,1992,bar_thieu,open_days_thieu=4
HNP,2026-08-07,2026-06-16,18000.0,25000.0,1.388889,52,37,100,100,1658,tro_lai_sau_dinh_chi,open_days_thieu=37
NAU,2026-08-07,2026-06-17,7000.0,5000.0,0.714286,51,36,100,100,1045,tro_lai_sau_dinh_chi,open_days_thieu=36
THU,2026-08-07,2026-06-12,10500.0,14000.0,1.333333,56,39,200,300,1501,tro_lai_sau_dinh_chi,open_days_thieu=39
VHH,2026-08-07,2026-08-06,3500.0,4800.0,1.371429,1,0,300,100,1977,khong_giai_thich_duoc,
