date,breadth,regime
2016-01-04,0.000000,RISK_OFF
2016-01-05,0.000000,RISK_OFF
2016-01-06,0.000000,RISK_OFF
2016-01-07,0.000000,RISK_OFF
2016-01-08,0.000000,RISK_OFF
2016-01-11,0.000000,RISK_OFF
2016-01-12,0.000000,RISK_OFF
2016-01-13,0.000000,RISK_OFF
2016-01-14,0.000000,RISK_OFF
2016-01-15,0.000000,RISK_OFF
2016-01-18,0.000000,RISK_OFF
2016-01-19,0.000000,RISK_OFF
2016-01-20,0.000000,RISK_OFF
2016-01-21,0.000000,RISK_OFF
2016-01-22,0.000000,RISK_OFF
2016-01-25,0.000000,RISK_OFF
2016-01-26,0.000000,RISK_OFF
2016-01-27,0.000000,RISK_OFF
2016-01-28,0.000000,RISK_OFF
2016-01-29,0.000000,RISK_OFF
2016-02-01,0.000000,RISK_OFF
2016-02-02,0.000000,RISK_OFF
2016-02-03,0.000000,RISK_OFF
2016-02-04,0.000000,RISK_OFF
2016-02-05,0.000000,RISK_OFF
2016-02-15,0.000000,RISK_OFF
2016-02-16,0.000000,RISK_OFF
2016-02-17,0.000000,RISK_OFF
2016-02-18,0.000000,RISK_OFF
2016-02-19,0.000000,RISK_OFF
2016-02-22,0.000000,RISK_OFF
2016-02-23,0.000000,RISK_OFF
2016-02-24,0.000000,RISK_OFF
2016-02-25,0.000000,RISK_OFF
2016-02-26,0.000000,RISK_OFF
2016-02-29,0.000000,RISK_OFF
2016-03-01,0.000000,RISK_OFF
2016-03-02,0.000000,RISK_OFF
2016-03-03,0.000000,RISK_OFF
2016-03-04,0.000000,RISK_OFF
2016-03-07,0.000000,RISK_OFF
2016-03-08,0.000000,RISK_OFF
2016-03-09,0.000000,RISK_OFF
2016-03-10,0.000000,RISK_OFF
2016-03-11,0.000000,RISK_OFF
2016-03-14,0.000000,RISK_OFF
2016-03-15,0.000000,RISK_OFF
2016-03-16,0.000000,RISK_OFF
2016-03-17,0.000000,RISK_OFF
2016-03-18,0.000000,RISK_OFF
2016-03-21,0.000000,RISK_OFF
2016-03-22,0.000000,RISK_OFF
2016-03-23,0.000000,RISK_OFF
2016-03-24,0.000000,RISK_OFF
2016-03-25,0.000000,RISK_OFF
2016-03-28,0.000000,RISK_OFF
2016-03-29,0.000000,RISK_OFF
2016-03-30,0.000000,RISK_OFF
2016-03-31,0.000000,RISK_OFF
2016-04-01,0.000000,RISK_OFF
2016-04-04,0.000000,RISK_OFF
2016-04-05,0.000000,RISK_OFF
2016-04-06,0.000000,RISK_OFF
2016-04-07,0.000000,RISK_OFF
2016-04-08,0.000000,RISK_OFF
2016-04-11,0.000000,RISK_OFF
2016-04-12,0.000000,RISK_OFF
2016-04-13,0.000000,RISK_OFF
2016-04-14,0.000000,RISK_OFF
2016-04-15,0.000000,RISK_OFF
2016-04-19,0.000000,RISK_OFF
2016-04-20,0.000000,RISK_OFF
2016-04-21,0.000000,RISK_OFF
2016-04-22,0.000000,RISK_OFF
2016-04-25,0.000000,RISK_OFF
2016-04-26,0.000000,RISK_OFF
2016-04-27,0.000000,RISK_OFF
2016-04-28,0.000000,RISK_OFF
2016-04-29,0.000000,RISK_OFF
2016-05-04,0.000000,RISK_OFF
2016-05-05,0.000000,RISK_OFF
2016-05-06,0.000000,RISK_OFF
2016-05-09,0.000000,RISK_OFF
2016-05-10,0.000000,RISK_OFF
2016-05-11,0.000000,RISK_OFF
2016-05-12,0.000000,RISK_OFF
2016-05-13,0.000000,RISK_OFF
2016-05-16,0.000000,RISK_OFF
2016-05-17,0.000000,RISK_OFF
2016-05-18,0.000000,RISK_OFF
2016-05-19,0.000000,RISK_OFF
2016-05-20,0.000000,RISK_OFF
2016-05-23,0.000000,RISK_OFF
2016-05-24,0.000000,RISK_OFF
2016-05-25,0.000000,RISK_OFF
2016-05-26,0.000000,RISK_OFF
2016-05-27,0.000000,RISK_OFF
2016-05-30,0.000000,RISK_OFF
2016-05-31,0.000000,RISK_OFF
2016-06-01,0.000000,RISK_OFF
2016-06-02,0.000000,RISK_OFF
2016-06-03,0.000000,RISK_OFF
2016-06-06,0.000000,RISK_OFF
2016-06-07,0.000000,RISK_OFF
2016-06-08,0.000000,RISK_OFF
2016-06-09,0.000000,RISK_OFF
2016-06-10,0.000000,RISK_OFF
2016-06-13,0.000000,RISK_OFF
2016-06-14,0.000000,RISK_OFF
2016-06-15,0.000000,RISK_OFF
2016-06-16,0.000000,RISK_OFF
2016-06-17,0.000000,RISK_OFF
2016-06-20,0.000000,RISK_OFF
2016-06-21,0.000000,RISK_OFF
2016-06-22,0.000000,RISK_OFF
2016-06-23,0.000000,RISK_OFF
2016-06-24,0.000000,RISK_OFF
2016-06-27,0.000000,RISK_OFF
2016-06-28,0.000000,RISK_OFF
2016-06-29,0.000000,RISK_OFF
2016-06-30,0.000000,RISK_OFF
2016-07-01,0.000000,RISK_OFF
2016-07-04,0.000000,RISK_OFF
2016-07-05,0.000000,RISK_OFF
2016-07-06,0.000000,RISK_OFF
2016-07-07,0.000000,RISK_OFF
2016-07-08,0.000000,RISK_OFF
2016-07-11,0.000000,RISK_OFF
2016-07-12,0.000000,RISK_OFF
2016-07-13,0.000000,RISK_OFF
2016-07-14,0.000000,RISK_OFF
2016-07-15,0.000000,RISK_OFF
2016-07-18,0.000000,RISK_OFF
2016-07-19,0.000000,RISK_OFF
2016-07-20,0.000000,RISK_OFF
2016-07-21,0.000000,RISK_OFF
2016-07-22,0.000000,RISK_OFF
2016-07-25,0.000000,RISK_OFF
2016-07-26,0.000000,RISK_OFF
2016-07-27,0.000000,RISK_OFF
2016-07-28,0.000000,RISK_OFF
2016-07-29,0.000000,RISK_OFF
2016-08-01,0.000000,RISK_OFF
2016-08-02,0.000000,RISK_OFF
2016-08-03,0.000000,RISK_OFF
2016-08-04,0.000000,RISK_OFF
2016-08-05,0.000000,RISK_OFF
2016-08-08,0.000000,RISK_OFF
2016-08-09,0.000000,RISK_OFF
2016-08-10,0.000000,RISK_OFF
2016-08-11,0.000000,RISK_OFF
2016-08-12,0.000000,RISK_OFF
2016-08-15,0.000000,RISK_OFF
2016-08-16,0.000000,RISK_OFF
2016-08-17,0.000000,RISK_OFF
2016-08-18,0.000000,RISK_OFF
2016-08-19,0.000000,RISK_OFF
2016-08-22,0.000000,RISK_OFF
2016-08-23,0.000000,RISK_OFF
2016-08-24,0.000000,RISK_OFF
2016-08-25,0.000000,RISK_OFF
2016-08-26,0.000000,RISK_OFF
2016-08-29,0.000000,RISK_OFF
2016-08-30,0.000000,RISK_OFF
2016-08-31,0.000000,RISK_OFF
2016-09-01,0.000000,RISK_OFF
2016-09-05,0.000000,RISK_OFF
2016-09-06,0.000000,RISK_OFF
2016-09-07,0.000000,RISK_OFF
2016-09-08,0.000000,RISK_OFF
2016-09-09,0.000000,RISK_OFF
2016-09-12,0.000000,RISK_OFF
2016-09-13,0.000000,RISK_OFF
2016-09-14,0.000000,RISK_OFF
2016-09-15,0.000000,RISK_OFF
2016-09-16,0.000000,RISK_OFF
2016-09-19,0.000000,RISK_OFF
2016-09-20,0.000000,RISK_OFF
2016-09-21,0.000000,RISK_OFF
2016-09-22,0.000000,RISK_OFF
2016-09-23,0.000000,RISK_OFF
2016-09-26,0.000000,RISK_OFF
2016-09-27,0.000000,RISK_OFF
2016-09-28,0.000000,RISK_OFF
2016-09-29,0.000000,RISK_OFF
2016-09-30,0.000000,RISK_OFF
2016-10-03,0.000000,RISK_OFF
2016-10-04,0.000000,RISK_OFF
2016-10-05,0.000000,RISK_OFF
2016-10-06,0.000000,RISK_OFF
2016-10-07,0.000000,RISK_OFF
2016-10-10,0.000000,RISK_OFF
2016-10-11,0.000000,RISK_OFF
2016-10-12,0.000000,RISK_OFF
2016-10-13,0.000000,RISK_OFF
2016-10-14,0.000000,RISK_OFF
2016-10-17,0.000000,RISK_OFF
2016-10-18,0.000000,RISK_OFF
2016-10-19,0.000000,RISK_OFF
2016-10-20,0.489305,NEUTRAL
2016-10-21,0.479487,NEUTRAL
2016-10-24,0.475000,NEUTRAL
2016-10-25,0.472906,NEUTRAL
2016-10-26,0.478469,NEUTRAL
2016-10-27,0.489559,NEUTRAL
2016-10-28,0.496629,NEUTRAL
2016-10-31,0.483296,NEUTRAL
2016-11-01,0.497797,NEUTRAL
2016-11-02,0.487965,NEUTRAL
2016-11-03,0.470588,NEUTRAL
2016-11-04,0.457883,NEUTRAL
2016-11-07,0.477516,NEUTRAL
2016-11-08,0.475375,NEUTRAL
2016-11-09,0.460722,NEUTRAL
2016-11-10,0.472689,NEUTRAL
2016-11-11,0.467505,NEUTRAL
2016-11-14,0.469729,NEUTRAL
2016-11-15,0.470833,NEUTRAL
2016-11-16,0.481405,NEUTRAL
2016-11-17,0.486598,NEUTRAL
2016-11-18,0.468303,NEUTRAL
2016-11-21,0.461382,NEUTRAL
2016-11-22,0.479757,NEUTRAL
2016-11-23,0.472837,NEUTRAL
2016-11-24,0.482897,NEUTRAL
2016-11-25,0.467871,NEUTRAL
2016-11-28,0.465070,NEUTRAL
2016-11-29,0.440239,NEUTRAL
2016-11-30,0.452381,NEUTRAL
2016-12-01,0.453465,NEUTRAL
2016-12-02,0.457760,NEUTRAL
2016-12-05,0.447937,NEUTRAL
2016-12-06,0.423529,NEUTRAL
2016-12-07,0.442270,NEUTRAL
2016-12-08,0.432749,NEUTRAL
2016-12-09,0.433010,NEUTRAL
2016-12-12,0.416667,NEUTRAL
2016-12-13,0.388781,RISK_OFF
2016-12-14,0.416988,NEUTRAL
2016-12-15,0.411197,NEUTRAL
2016-12-16,0.426923,NEUTRAL
2016-12-19,0.431862,NEUTRAL
2016-12-20,0.427203,NEUTRAL
2016-12-21,0.420650,NEUTRAL
2016-12-22,0.412214,NEUTRAL
2016-12-23,0.417143,NEUTRAL
2016-12-26,0.422053,NEUTRAL
2016-12-27,0.418561,NEUTRAL
2016-12-28,0.417769,NEUTRAL
2016-12-29,0.422642,NEUTRAL
2016-12-30,0.431262,NEUTRAL
2017-01-03,0.439850,NEUTRAL
2017-01-04,0.439024,NEUTRAL
2017-01-05,0.443820,NEUTRAL
2017-01-06,0.445896,NEUTRAL
2017-01-09,0.452690,NEUTRAL
2017-01-10,0.450000,NEUTRAL
2017-01-11,0.455720,NEUTRAL
2017-01-12,0.444649,NEUTRAL
2017-01-13,0.444853,NEUTRAL
2017-01-16,0.435897,NEUTRAL
2017-01-17,0.434066,NEUTRAL
2017-01-18,0.409091,NEUTRAL
2017-01-19,0.414855,NEUTRAL
2017-01-20,0.420578,NEUTRAL
2017-01-23,0.406475,NEUTRAL
2017-01-24,0.436266,NEUTRAL
2017-01-25,0.449821,NEUTRAL
2017-02-02,0.464158,NEUTRAL
2017-02-03,0.460573,NEUTRAL
2017-02-06,0.465116,NEUTRAL
2017-02-07,0.463327,NEUTRAL
2017-02-08,0.461676,NEUTRAL
2017-02-09,0.465241,NEUTRAL
2017-02-10,0.466192,NEUTRAL
2017-02-13,0.467972,NEUTRAL
2017-02-14,0.476868,NEUTRAL
2017-02-15,0.481350,NEUTRAL
2017-02-16,0.477876,NEUTRAL
2017-02-17,0.492063,NEUTRAL
2017-02-20,0.514938,NEUTRAL
2017-02-21,0.530648,NEUTRAL
2017-02-22,0.527051,NEUTRAL
2017-02-23,0.520000,NEUTRAL
2017-02-24,0.507826,NEUTRAL
2017-02-27,0.514783,NEUTRAL
2017-02-28,0.524306,NEUTRAL
2017-03-01,0.512153,NEUTRAL
2017-03-02,0.513889,NEUTRAL
2017-03-03,0.516464,NEUTRAL
2017-03-06,0.532062,NEUTRAL
2017-03-07,0.540728,NEUTRAL
2017-03-08,0.547496,NEUTRAL
2017-03-09,0.540587,NEUTRAL
2017-03-10,0.530120,NEUTRAL
2017-03-13,0.530928,NEUTRAL
2017-03-14,0.535163,NEUTRAL
2017-03-15,0.526587,NEUTRAL
2017-03-16,0.549658,NEUTRAL
2017-03-17,0.565812,NEUTRAL
2017-03-20,0.583618,NEUTRAL
2017-03-21,0.574106,NEUTRAL
2017-03-22,0.560477,NEUTRAL
2017-03-23,0.560477,NEUTRAL
2017-03-24,0.558773,NEUTRAL
2017-03-27,0.557070,NEUTRAL
2017-03-28,0.554422,NEUTRAL
2017-03-29,0.565144,NEUTRAL
2017-03-30,0.566836,NEUTRAL
2017-03-31,0.556684,NEUTRAL
2017-04-03,0.564189,NEUTRAL
2017-04-04,0.557432,NEUTRAL
2017-04-05,0.554806,NEUTRAL
2017-04-07,0.554806,NEUTRAL
2017-04-10,0.569983,NEUTRAL
2017-04-11,0.573356,NEUTRAL
2017-04-12,0.556492,NEUTRAL
2017-04-13,0.554806,NEUTRAL
2017-04-14,0.544688,NEUTRAL
2017-04-17,0.531987,NEUTRAL
2017-04-18,0.544538,NEUTRAL
2017-04-19,0.542714,NEUTRAL
2017-04-20,0.546064,NEUTRAL
2017-04-21,0.538462,NEUTRAL
2017-04-24,0.541806,NEUTRAL
2017-04-25,0.539232,NEUTRAL
2017-04-26,0.542429,NEUTRAL
2017-04-27,0.549834,NEUTRAL
2017-04-28,0.559801,NEUTRAL
2017-05-03,0.551495,NEUTRAL
2017-05-04,0.558140,NEUTRAL
2017-05-05,0.562189,NEUTRAL
2017-05-08,0.572848,NEUTRAL
2017-05-09,0.576159,NEUTRAL
2017-05-10,0.586093,NEUTRAL
2017-05-11,0.586777,NEUTRAL
2017-05-12,0.608264,RISK_ON
2017-05-15,0.609917,RISK_ON
2017-05-16,0.609917,RISK_ON
2017-05-17,0.597360,NEUTRAL
2017-05-18,0.590759,NEUTRAL
2017-05-19,0.585809,NEUTRAL
2017-05-22,0.587459,NEUTRAL
2017-05-23,0.579901,NEUTRAL
2017-05-24,0.596376,NEUTRAL
2017-05-25,0.594728,NEUTRAL
2017-05-26,0.606260,RISK_ON
2017-05-29,0.607908,RISK_ON
2017-05-30,0.601318,RISK_ON
2017-05-31,0.611203,RISK_ON
2017-06-01,0.617792,RISK_ON
2017-06-02,0.616776,RISK_ON
2017-06-05,0.625000,RISK_ON
2017-06-06,0.620690,RISK_ON
2017-06-07,0.638752,RISK_ON
2017-06-08,0.639344,RISK_ON
2017-06-09,0.641571,RISK_ON
2017-06-12,0.641571,RISK_ON
2017-06-13,0.667758,RISK_ON
2017-06-14,0.657938,RISK_ON
2017-06-15,0.675941,RISK_ON
2017-06-16,0.674304,RISK_ON
2017-06-19,0.659054,RISK_ON
2017-06-20,0.661238,RISK_ON
2017-06-21,0.654723,RISK_ON
2017-06-22,0.654723,RISK_ON
2017-06-23,0.657980,RISK_ON
2017-06-26,0.679153,RISK_ON
2017-06-27,0.668831,RISK_ON
2017-06-28,0.665584,RISK_ON
2017-06-29,0.667208,RISK_ON
2017-06-30,0.675325,RISK_ON
2017-07-03,0.672078,RISK_ON
2017-07-04,0.672078,RISK_ON
2017-07-05,0.682334,RISK_ON
2017-07-06,0.690438,RISK_ON
2017-07-07,0.685575,RISK_ON
2017-07-10,0.671521,RISK_ON
2017-07-11,0.676375,RISK_ON
2017-07-12,0.684466,RISK_ON
2017-07-13,0.684466,RISK_ON
2017-07-14,0.684976,RISK_ON
2017-07-17,0.668821,RISK_ON
2017-07-18,0.673667,RISK_ON
2017-07-19,0.662359,RISK_ON
2017-07-20,0.651050,RISK_ON
2017-07-21,0.647819,RISK_ON
2017-07-24,0.623794,RISK_ON
2017-07-25,0.635048,RISK_ON
2017-07-26,0.642055,RISK_ON
2017-07-27,0.637380,RISK_ON
2017-07-28,0.635783,RISK_ON
2017-07-31,0.651757,RISK_ON
2017-08-01,0.637380,RISK_ON
2017-08-02,0.632588,RISK_ON
2017-08-03,0.645367,RISK_ON
2017-08-04,0.658692,RISK_ON
2017-08-07,0.670382,RISK_ON
2017-08-08,0.653418,RISK_ON
2017-08-09,0.648649,RISK_ON
2017-08-10,0.641838,RISK_ON
2017-08-11,0.654517,RISK_ON
2017-08-14,0.647152,RISK_ON
2017-08-15,0.648734,RISK_ON
2017-08-16,0.653481,RISK_ON
2017-08-17,0.634494,RISK_ON
2017-08-18,0.636651,RISK_ON
2017-08-21,0.636220,RISK_ON
2017-08-22,0.636220,RISK_ON
2017-08-23,0.631496,RISK_ON
2017-08-24,0.624804,RISK_ON
2017-08-25,0.629513,RISK_ON
2017-08-28,0.634796,RISK_ON
2017-08-29,0.625392,RISK_ON
2017-08-30,0.637931,RISK_ON
2017-08-31,0.639498,RISK_ON
2017-09-01,0.633229,RISK_ON
2017-09-05,0.622848,RISK_ON
2017-09-06,0.617188,RISK_ON
2017-09-07,0.628125,RISK_ON
2017-09-08,0.618750,RISK_ON
2017-09-11,0.607477,RISK_ON
2017-09-12,0.609642,RISK_ON
2017-09-13,0.615863,RISK_ON
2017-09-14,0.620529,RISK_ON
2017-09-15,0.611198,RISK_ON
2017-09-18,0.611198,RISK_ON
2017-09-19,0.617418,RISK_ON
2017-09-20,0.618012,RISK_ON
2017-09-21,0.619565,RISK_ON
2017-09-22,0.614551,RISK_ON
2017-09-25,0.602782,RISK_ON
2017-09-26,0.611111,RISK_ON
2017-09-27,0.606481,RISK_ON
2017-09-28,0.618827,RISK_ON
2017-09-29,0.615741,RISK_ON
2017-10-02,0.607088,RISK_ON
2017-10-03,0.604006,RISK_ON
2017-10-04,0.597843,NEUTRAL
2017-10-05,0.593846,NEUTRAL
2017-10-06,0.601538,RISK_ON
2017-10-09,0.592934,NEUTRAL
2017-10-10,0.596626,NEUTRAL
2017-10-11,0.593893,NEUTRAL
2017-10-12,0.597264,NEUTRAL
2017-10-13,0.597876,NEUTRAL
2017-10-16,0.605463,RISK_ON
2017-10-17,0.606657,RISK_ON
2017-10-18,0.601208,RISK_ON
2017-10-19,0.592760,NEUTRAL
2017-10-20,0.589474,NEUTRAL
2017-10-23,0.558383,NEUTRAL
2017-10-24,0.551570,NEUTRAL
2017-10-25,0.557377,NEUTRAL
2017-10-26,0.549107,NEUTRAL
2017-10-27,0.557207,NEUTRAL
2017-10-30,0.525223,NEUTRAL
2017-10-31,0.514749,NEUTRAL
2017-11-01,0.495601,NEUTRAL
2017-11-02,0.474378,NEUTRAL
2017-11-03,0.478770,NEUTRAL
2017-11-06,0.499268,NEUTRAL
2017-11-07,0.494152,NEUTRAL
2017-11-08,0.497076,NEUTRAL
2017-11-09,0.491971,NEUTRAL
2017-11-10,0.505109,NEUTRAL
2017-11-13,0.486880,NEUTRAL
2017-11-14,0.479651,NEUTRAL
2017-11-15,0.486919,NEUTRAL
2017-11-16,0.491304,NEUTRAL
2017-11-17,0.485507,NEUTRAL
2017-11-20,0.491304,NEUTRAL
2017-11-21,0.485507,NEUTRAL
2017-11-22,0.487699,NEUTRAL
2017-11-23,0.477569,NEUTRAL
2017-11-24,0.498555,NEUTRAL
2017-11-27,0.523810,NEUTRAL
2017-11-28,0.518732,NEUTRAL
2017-11-29,0.527299,NEUTRAL
2017-11-30,0.520803,NEUTRAL
2017-12-01,0.536585,NEUTRAL
2017-12-04,0.533716,NEUTRAL
2017-12-05,0.517934,NEUTRAL
2017-12-06,0.512195,NEUTRAL
2017-12-07,0.523605,NEUTRAL
2017-12-08,0.521368,NEUTRAL
2017-12-11,0.492918,NEUTRAL
2017-12-12,0.478076,NEUTRAL
2017-12-13,0.487288,NEUTRAL
2017-12-14,0.511955,NEUTRAL
2017-12-15,0.518258,NEUTRAL
2017-12-18,0.516713,NEUTRAL
2017-12-19,0.515994,NEUTRAL
2017-12-20,0.520167,NEUTRAL
2017-12-21,0.517337,NEUTRAL
2017-12-22,0.515235,NEUTRAL
2017-12-25,0.505525,NEUTRAL
2017-12-26,0.500000,NEUTRAL
2017-12-27,0.505495,NEUTRAL
2017-12-28,0.514403,NEUTRAL
2017-12-29,0.534789,NEUTRAL
2018-01-02,0.539402,NEUTRAL
2018-01-03,0.529491,NEUTRAL
2018-01-04,0.525401,NEUTRAL
2018-01-05,0.542667,NEUTRAL
2018-01-08,0.541333,NEUTRAL
2018-01-09,0.557923,NEUTRAL
2018-01-10,0.557181,NEUTRAL
2018-01-11,0.568393,NEUTRAL
2018-01-12,0.568393,NEUTRAL
2018-01-15,0.577689,NEUTRAL
2018-01-16,0.557029,NEUTRAL
2018-01-17,0.542440,NEUTRAL
2018-01-18,0.539073,NEUTRAL
2018-01-19,0.541722,NEUTRAL
2018-01-22,0.548344,NEUTRAL
2018-01-23,0.565563,NEUTRAL
2018-01-24,0.554967,NEUTRAL
2018-01-25,0.554233,NEUTRAL
2018-01-26,0.546896,NEUTRAL
2018-01-29,0.531044,NEUTRAL
2018-01-30,0.542216,NEUTRAL
2018-01-31,0.528947,NEUTRAL
2018-02-01,0.517693,NEUTRAL
2018-02-02,0.518325,NEUTRAL
2018-02-05,0.475817,NEUTRAL
2018-02-06,0.433987,NEUTRAL
2018-02-07,0.462141,NEUTRAL
2018-02-08,0.464752,NEUTRAL
2018-02-09,0.455020,NEUTRAL
2018-02-12,0.477243,NEUTRAL
2018-02-13,0.494148,NEUTRAL
2018-02-21,0.503251,NEUTRAL
2018-02-22,0.513654,NEUTRAL
2018-02-23,0.525358,NEUTRAL
2018-02-26,0.513654,NEUTRAL
2018-02-27,0.507792,NEUTRAL
2018-02-28,0.512987,NEUTRAL
2018-03-01,0.499351,NEUTRAL
2018-03-02,0.505181,NEUTRAL
2018-03-05,0.485161,NEUTRAL
2018-03-06,0.487742,NEUTRAL
2018-03-07,0.492921,NEUTRAL
2018-03-08,0.500644,NEUTRAL
2018-03-09,0.495495,NEUTRAL
2018-03-12,0.491634,NEUTRAL
2018-03-13,0.489744,NEUTRAL
2018-03-14,0.483333,NEUTRAL
2018-03-15,0.489117,NEUTRAL
2018-03-16,0.495519,NEUTRAL
2018-03-19,0.486556,NEUTRAL
2018-03-20,0.510856,NEUTRAL
2018-03-21,0.509579,NEUTRAL
2018-03-22,0.512133,NEUTRAL
2018-03-23,0.489144,NEUTRAL
2018-03-26,0.493622,NEUTRAL
2018-03-27,0.490446,NEUTRAL
2018-03-28,0.473885,NEUTRAL
2018-03-29,0.478372,NEUTRAL
2018-03-30,0.487959,NEUTRAL
2018-04-02,0.481715,NEUTRAL
2018-04-03,0.484237,NEUTRAL
2018-04-04,0.488665,NEUTRAL
2018-04-05,0.492443,NEUTRAL
2018-04-06,0.492462,NEUTRAL
2018-04-09,0.486826,NEUTRAL
2018-04-10,0.485571,NEUTRAL
2018-04-11,0.475533,NEUTRAL
2018-04-12,0.476788,NEUTRAL
2018-04-13,0.475594,NEUTRAL
2018-04-16,0.470075,NEUTRAL
2018-04-17,0.477556,NEUTRAL
2018-04-18,0.468828,NEUTRAL
2018-04-19,0.463930,NEUTRAL
2018-04-20,0.465839,NEUTRAL
2018-04-23,0.455901,NEUTRAL
2018-04-24,0.448575,NEUTRAL
2018-04-26,0.420792,NEUTRAL
2018-04-27,0.431397,NEUTRAL
2018-05-02,0.437731,NEUTRAL
2018-05-03,0.424168,NEUTRAL
2018-05-04,0.424354,NEUTRAL
2018-05-07,0.434517,NEUTRAL
2018-05-08,0.427173,NEUTRAL
2018-05-09,0.430845,NEUTRAL
2018-05-10,0.415140,NEUTRAL
2018-05-11,0.421951,NEUTRAL
2018-05-14,0.419708,NEUTRAL
2018-05-15,0.434466,NEUTRAL
2018-05-16,0.429091,NEUTRAL
2018-05-17,0.432203,NEUTRAL
2018-05-18,0.434099,NEUTRAL
2018-05-21,0.417370,NEUTRAL
2018-05-22,0.403361,NEUTRAL
2018-05-23,0.404077,NEUTRAL
2018-05-24,0.405988,NEUTRAL
2018-05-25,0.383234,RISK_OFF
2018-05-28,0.347670,RISK_OFF
2018-05-29,0.364397,RISK_OFF
2018-05-30,0.367981,RISK_OFF
2018-05-31,0.395709,RISK_OFF
2018-06-01,0.398810,RISK_OFF
2018-06-04,0.413302,NEUTRAL
2018-06-05,0.419929,NEUTRAL
2018-06-06,0.420118,NEUTRAL
2018-06-07,0.436170,NEUTRAL
2018-06-08,0.432113,NEUTRAL
2018-06-11,0.429412,NEUTRAL
2018-06-12,0.410106,NEUTRAL
2018-06-13,0.410798,NEUTRAL
2018-06-14,0.414319,NEUTRAL
2018-06-15,0.418033,NEUTRAL
2018-06-18,0.396956,RISK_OFF
2018-06-19,0.367991,RISK_OFF
2018-06-20,0.391355,RISK_OFF
2018-06-21,0.383178,RISK_OFF
2018-06-22,0.382009,RISK_OFF
2018-06-25,0.389019,RISK_OFF
2018-06-26,0.387398,RISK_OFF
2018-06-27,0.395566,RISK_OFF
2018-06-28,0.385781,RISK_OFF
2018-06-29,0.395105,RISK_OFF
2018-07-02,0.369464,RISK_OFF
2018-07-03,0.340326,RISK_OFF
2018-07-04,0.356643,RISK_OFF
2018-07-05,0.332168,RISK_OFF
2018-07-06,0.350816,RISK_OFF
2018-07-09,0.357809,RISK_OFF
2018-07-10,0.361305,RISK_OFF
2018-07-11,0.329070,RISK_OFF
2018-07-12,0.341463,RISK_OFF
2018-07-13,0.353078,RISK_OFF
2018-07-16,0.353828,RISK_OFF
2018-07-17,0.352668,RISK_OFF
2018-07-18,0.359954,RISK_OFF
2018-07-19,0.365318,RISK_OFF
2018-07-20,0.368360,RISK_OFF
2018-07-23,0.389145,RISK_OFF
2018-07-24,0.374134,RISK_OFF
2018-07-25,0.373993,RISK_OFF
2018-07-26,0.372414,RISK_OFF
2018-07-27,0.385057,RISK_OFF
2018-07-30,0.390805,RISK_OFF
2018-07-31,0.398851,RISK_OFF
2018-08-01,0.401149,NEUTRAL
2018-08-02,0.388506,RISK_OFF
2018-08-03,0.388506,RISK_OFF
2018-08-06,0.384880,RISK_OFF
2018-08-07,0.380298,RISK_OFF
2018-08-08,0.380571,RISK_OFF
2018-08-09,0.387429,RISK_OFF
2018-08-10,0.389966,RISK_OFF
2018-08-13,0.393387,RISK_OFF
2018-08-14,0.392246,RISK_OFF
2018-08-15,0.382253,RISK_OFF
2018-08-16,0.383655,RISK_OFF
2018-08-17,0.374150,RISK_OFF
2018-08-20,0.374858,RISK_OFF
2018-08-21,0.381921,RISK_OFF
2018-08-22,0.383051,RISK_OFF
2018-08-23,0.386441,RISK_OFF
2018-08-24,0.400901,NEUTRAL
2018-08-27,0.400000,NEUTRAL
2018-08-28,0.406742,NEUTRAL
2018-08-29,0.403587,NEUTRAL
2018-08-30,0.415919,NEUTRAL
2018-08-31,0.429372,NEUTRAL
2018-09-04,0.414798,NEUTRAL
2018-09-05,0.413677,NEUTRAL
2018-09-06,0.400896,NEUTRAL
2018-09-07,0.417693,NEUTRAL
2018-09-10,0.405375,NEUTRAL
2018-09-11,0.413214,NEUTRAL
2018-09-12,0.414334,NEUTRAL
2018-09-13,0.423292,NEUTRAL
2018-09-14,0.423937,NEUTRAL
2018-09-17,0.427455,NEUTRAL
2018-09-18,0.427617,NEUTRAL
2018-09-19,0.433185,NEUTRAL
2018-09-20,0.454950,NEUTRAL
2018-09-21,0.457270,NEUTRAL
2018-09-24,0.447281,NEUTRAL
2018-09-25,0.464523,NEUTRAL
2018-09-26,0.482262,NEUTRAL
2018-09-27,0.509413,NEUTRAL
2018-09-28,0.503867,NEUTRAL
2018-10-01,0.497244,NEUTRAL
2018-10-02,0.492834,NEUTRAL
2018-10-03,0.492834,NEUTRAL
2018-10-04,0.493936,NEUTRAL
2018-10-05,0.501650,NEUTRAL
2018-10-08,0.497802,NEUTRAL
2018-10-09,0.487404,NEUTRAL
2018-10-10,0.481928,NEUTRAL
2018-10-11,0.412924,NEUTRAL
2018-10-12,0.440307,NEUTRAL
2018-10-15,0.429978,NEUTRAL
2018-10-16,0.450273,NEUTRAL
2018-10-17,0.455240,NEUTRAL
2018-10-18,0.450873,NEUTRAL
2018-10-19,0.442873,NEUTRAL
2018-10-22,0.435256,NEUTRAL
2018-10-23,0.410229,NEUTRAL
2018-10-24,0.400000,NEUTRAL
2018-10-25,0.394794,RISK_OFF
2018-10-26,0.399351,RISK_OFF
2018-10-29,0.397408,RISK_OFF
2018-10-30,0.394822,RISK_OFF
2018-10-31,0.411638,NEUTRAL
2018-11-01,0.410753,NEUTRAL
2018-11-02,0.412903,NEUTRAL
2018-11-05,0.410753,NEUTRAL
2018-11-06,0.414163,NEUTRAL
2018-11-07,0.424437,NEUTRAL
2018-11-08,0.412834,NEUTRAL
2018-11-09,0.414530,NEUTRAL
2018-11-12,0.413462,NEUTRAL
2018-11-13,0.418356,NEUTRAL
2018-11-14,0.406617,NEUTRAL
2018-11-15,0.422625,NEUTRAL
2018-11-16,0.431163,NEUTRAL
2018-11-19,0.439701,NEUTRAL
2018-11-20,0.433902,NEUTRAL
2018-11-21,0.432836,NEUTRAL
2018-11-22,0.432836,NEUTRAL
2018-11-23,0.434968,NEUTRAL
2018-11-26,0.426439,NEUTRAL
2018-11-27,0.425373,NEUTRAL
2018-11-28,0.437100,NEUTRAL
2018-11-29,0.436034,NEUTRAL
2018-11-30,0.450479,NEUTRAL
2018-12-03,0.468085,NEUTRAL
2018-12-04,0.475027,NEUTRAL
2018-12-05,0.479277,NEUTRAL
2018-12-06,0.470776,NEUTRAL
2018-12-07,0.466525,NEUTRAL
2018-12-10,0.479277,NEUTRAL
2018-12-11,0.460149,NEUTRAL
2018-12-12,0.475584,NEUTRAL
2018-12-13,0.467091,NEUTRAL
2018-12-14,0.470276,NEUTRAL
2018-12-17,0.456476,NEUTRAL
2018-12-18,0.455992,NEUTRAL
2018-12-19,0.459746,NEUTRAL
2018-12-20,0.455508,NEUTRAL
2018-12-21,0.457627,NEUTRAL
2018-12-24,0.448093,NEUTRAL
2018-12-25,0.442797,NEUTRAL
2018-12-26,0.439619,NEUTRAL
2018-12-27,0.458686,NEUTRAL
2018-12-28,0.458686,NEUTRAL
2019-01-02,0.448677,NEUTRAL
2019-01-03,0.426004,NEUTRAL
2019-01-04,0.431290,NEUTRAL
2019-01-07,0.442918,NEUTRAL
2019-01-08,0.437632,NEUTRAL
2019-01-09,0.452532,NEUTRAL
2019-01-10,0.447257,NEUTRAL
2019-01-11,0.449367,NEUTRAL
2019-01-14,0.456751,NEUTRAL
2019-01-15,0.467300,NEUTRAL
2019-01-16,0.456751,NEUTRAL
2019-01-17,0.444679,NEUTRAL
2019-01-18,0.448894,NEUTRAL
2019-01-21,0.461053,NEUTRAL
2019-01-22,0.453684,NEUTRAL
2019-01-23,0.457895,NEUTRAL
2019-01-24,0.450526,NEUTRAL
2019-01-25,0.455789,NEUTRAL
2019-01-28,0.450526,NEUTRAL
2019-01-29,0.455789,NEUTRAL
2019-01-30,0.465336,NEUTRAL
2019-01-31,0.465336,NEUTRAL
2019-02-01,0.480588,NEUTRAL
2019-02-11,0.490566,NEUTRAL
2019-02-12,0.505230,NEUTRAL
2019-02-13,0.507821,NEUTRAL
2019-02-14,0.510949,NEUTRAL
2019-02-15,0.519291,NEUTRAL
2019-02-18,0.523462,NEUTRAL
2019-02-19,0.511458,NEUTRAL
2019-02-20,0.509375,NEUTRAL
2019-02-21,0.509886,NEUTRAL
2019-02-22,0.507804,NEUTRAL
2019-02-25,0.503119,NEUTRAL
2019-02-26,0.515593,NEUTRAL
2019-02-27,0.515593,NEUTRAL
2019-02-28,0.516632,NEUTRAL
2019-03-01,0.531185,NEUTRAL
2019-03-04,0.538462,NEUTRAL
2019-03-05,0.553015,NEUTRAL
2019-03-06,0.556594,NEUTRAL
2019-03-07,0.552905,NEUTRAL
2019-03-08,0.542443,NEUTRAL
2019-03-11,0.545549,NEUTRAL
2019-03-12,0.557394,NEUTRAL
2019-03-13,0.562565,NEUTRAL
2019-03-14,0.574974,NEUTRAL
2019-03-15,0.577042,NEUTRAL
2019-03-18,0.578077,NEUTRAL
2019-03-19,0.580579,NEUTRAL
2019-03-20,0.579979,NEUTRAL
2019-03-21,0.564499,NEUTRAL
2019-03-22,0.568627,NEUTRAL
2019-03-25,0.551084,NEUTRAL
2019-03-26,0.554068,NEUTRAL
2019-03-27,0.565396,NEUTRAL
2019-03-28,0.570988,NEUTRAL
2019-03-29,0.575540,NEUTRAL
2019-04-01,0.564682,NEUTRAL
2019-04-02,0.564103,NEUTRAL
2019-04-03,0.559426,NEUTRAL
2019-04-04,0.556352,NEUTRAL
2019-04-05,0.562500,NEUTRAL
2019-04-08,0.566598,NEUTRAL
2019-04-09,0.560901,NEUTRAL
2019-04-10,0.547035,NEUTRAL
2019-04-11,0.551125,NEUTRAL
2019-04-12,0.547497,NEUTRAL
2019-04-16,0.542390,NEUTRAL
2019-04-17,0.538304,NEUTRAL
2019-04-18,0.534219,NEUTRAL
2019-04-19,0.537755,NEUTRAL
2019-04-22,0.529052,NEUTRAL
2019-04-23,0.529532,NEUTRAL
2019-04-24,0.530010,NEUTRAL
2019-04-25,0.526958,NEUTRAL
2019-04-26,0.538618,NEUTRAL
2019-05-02,0.530488,NEUTRAL
2019-05-03,0.529472,NEUTRAL
2019-05-06,0.510163,NEUTRAL
2019-05-07,0.505584,NEUTRAL
2019-05-08,0.508629,NEUTRAL
2019-05-09,0.495943,NEUTRAL
2019-05-10,0.500000,NEUTRAL
2019-05-13,0.505071,NEUTRAL
2019-05-14,0.501014,NEUTRAL
2019-05-15,0.505572,NEUTRAL
2019-05-16,0.504559,NEUTRAL
2019-05-17,0.511651,NEUTRAL
2019-05-20,0.518219,NEUTRAL
2019-05-21,0.523761,NEUTRAL
2019-05-22,0.519192,NEUTRAL
2019-05-23,0.514632,NEUTRAL
2019-05-24,0.510595,NEUTRAL
2019-05-27,0.506048,NEUTRAL
2019-05-28,0.507553,NEUTRAL
2019-05-29,0.507042,NEUTRAL
2019-05-30,0.506533,NEUTRAL
2019-05-31,0.502513,NEUTRAL
2019-06-03,0.494980,NEUTRAL
2019-06-04,0.494483,NEUTRAL
2019-06-05,0.496489,NEUTRAL
2019-06-06,0.485456,NEUTRAL
2019-06-07,0.499498,NEUTRAL
2019-06-10,0.497492,NEUTRAL
2019-06-11,0.494494,NEUTRAL
2019-06-12,0.501502,NEUTRAL
2019-06-13,0.501000,NEUTRAL
2019-06-14,0.508492,NEUTRAL
2019-06-17,0.499500,NEUTRAL
2019-06-18,0.508492,NEUTRAL
2019-06-19,0.510490,NEUTRAL
2019-06-20,0.500500,NEUTRAL
2019-06-21,0.507493,NEUTRAL
2019-06-24,0.500998,NEUTRAL
2019-06-25,0.501996,NEUTRAL
2019-06-26,0.510469,NEUTRAL
2019-06-27,0.508475,NEUTRAL
2019-06-28,0.517448,NEUTRAL
2019-07-01,0.512463,NEUTRAL
2019-07-02,0.512463,NEUTRAL
2019-07-03,0.502988,NEUTRAL
2019-07-04,0.502988,NEUTRAL
2019-07-05,0.517928,NEUTRAL
2019-07-08,0.501992,NEUTRAL
2019-07-09,0.501992,NEUTRAL
2019-07-10,0.503984,NEUTRAL
2019-07-11,0.518924,NEUTRAL
2019-07-12,0.515936,NEUTRAL
2019-07-15,0.525896,NEUTRAL
2019-07-16,0.528358,NEUTRAL
2019-07-17,0.524378,NEUTRAL
2019-07-18,0.525373,NEUTRAL
2019-07-19,0.517413,NEUTRAL
2019-07-22,0.504478,NEUTRAL
2019-07-23,0.514428,NEUTRAL
2019-07-24,0.508458,NEUTRAL
2019-07-25,0.508458,NEUTRAL
2019-07-26,0.506468,NEUTRAL
2019-07-29,0.504478,NEUTRAL
2019-07-30,0.502483,NEUTRAL
2019-07-31,0.515873,NEUTRAL
2019-08-01,0.507433,NEUTRAL
2019-08-02,0.507921,NEUTRAL
2019-08-05,0.502970,NEUTRAL
2019-08-06,0.493571,NEUTRAL
2019-08-07,0.502468,NEUTRAL
2019-08-08,0.506903,NEUTRAL
2019-08-09,0.513807,NEUTRAL
2019-08-12,0.518738,NEUTRAL
2019-08-13,0.500986,NEUTRAL
2019-08-14,0.498522,NEUTRAL
2019-08-15,0.505419,NEUTRAL
2019-08-16,0.504433,NEUTRAL
2019-08-19,0.503448,NEUTRAL
2019-08-20,0.507389,NEUTRAL
2019-08-21,0.504433,NEUTRAL
2019-08-22,0.498522,NEUTRAL
2019-08-23,0.497047,NEUTRAL
2019-08-26,0.505906,NEUTRAL
2019-08-27,0.503937,NEUTRAL
2019-08-28,0.506890,NEUTRAL
2019-08-29,0.498031,NEUTRAL
2019-08-30,0.510827,NEUTRAL
2019-09-03,0.499018,NEUTRAL
2019-09-04,0.493124,NEUTRAL
2019-09-05,0.490177,NEUTRAL
2019-09-06,0.479371,NEUTRAL
2019-09-09,0.472495,NEUTRAL
2019-09-10,0.469548,NEUTRAL
2019-09-11,0.464637,NEUTRAL
2019-09-12,0.471513,NEUTRAL
2019-09-13,0.460707,NEUTRAL
2019-09-16,0.467125,NEUTRAL
2019-09-17,0.462218,NEUTRAL
2019-09-18,0.473994,NEUTRAL
2019-09-19,0.480392,NEUTRAL
2019-09-20,0.472549,NEUTRAL
2019-09-23,0.473066,NEUTRAL
2019-09-24,0.477963,NEUTRAL
2019-09-25,0.477963,NEUTRAL
2019-09-26,0.486778,NEUTRAL
2019-09-27,0.492654,NEUTRAL
2019-09-30,0.490695,NEUTRAL
2019-10-01,0.493646,NEUTRAL
2019-10-02,0.487305,NEUTRAL
2019-10-03,0.492188,NEUTRAL
2019-10-04,0.484375,NEUTRAL
2019-10-07,0.499023,NEUTRAL
2019-10-08,0.492188,NEUTRAL
2019-10-09,0.494152,NEUTRAL
2019-10-10,0.483431,NEUTRAL
2019-10-11,0.494152,NEUTRAL
2019-10-14,0.490253,NEUTRAL
2019-10-15,0.484405,NEUTRAL
2019-10-16,0.485881,NEUTRAL
2019-10-17,0.481013,NEUTRAL
2019-10-18,0.485881,NEUTRAL
2019-10-21,0.477626,NEUTRAL
2019-10-22,0.484436,NEUTRAL
2019-10-23,0.476654,NEUTRAL
2019-10-24,0.479572,NEUTRAL
2019-10-25,0.475681,NEUTRAL
2019-10-28,0.465953,NEUTRAL
2019-10-29,0.466926,NEUTRAL
2019-10-30,0.474708,NEUTRAL
2019-10-31,0.464981,NEUTRAL
2019-11-01,0.460641,NEUTRAL
2019-11-04,0.458252,NEUTRAL
2019-11-05,0.464078,NEUTRAL
2019-11-06,0.461688,NEUTRAL
2019-11-07,0.464666,NEUTRAL
2019-11-08,0.458858,NEUTRAL
2019-11-11,0.454017,NEUTRAL
2019-11-12,0.456922,NEUTRAL
2019-11-13,0.454545,NEUTRAL
2019-11-14,0.460870,NEUTRAL
2019-11-15,0.458937,NEUTRAL
2019-11-18,0.440580,NEUTRAL
2019-11-19,0.440154,NEUTRAL
2019-11-20,0.443050,NEUTRAL
2019-11-21,0.438224,NEUTRAL
2019-11-22,0.428571,NEUTRAL
2019-11-25,0.426641,NEUTRAL
2019-11-26,0.429537,NEUTRAL
2019-11-27,0.427194,NEUTRAL
2019-11-28,0.417551,NEUTRAL
2019-11-29,0.422372,NEUTRAL
2019-12-02,0.414658,NEUTRAL
2019-12-03,0.417709,NEUTRAL
2019-12-04,0.415784,NEUTRAL
2019-12-05,0.434071,NEUTRAL
2019-12-06,0.428296,NEUTRAL
2019-12-09,0.427885,NEUTRAL
2019-12-10,0.423077,NEUTRAL
2019-12-11,0.422115,NEUTRAL
2019-12-12,0.434615,NEUTRAL
2019-12-13,0.426923,NEUTRAL
2019-12-16,0.435577,NEUTRAL
2019-12-17,0.433654,NEUTRAL
2019-12-18,0.432692,NEUTRAL
2019-12-19,0.435577,NEUTRAL
2019-12-20,0.434615,NEUTRAL
2019-12-23,0.437500,NEUTRAL
2019-12-24,0.438462,NEUTRAL
2019-12-25,0.439423,NEUTRAL
2019-12-26,0.437620,NEUTRAL
2019-12-27,0.429942,NEUTRAL
2019-12-30,0.444338,NEUTRAL
2019-12-31,0.443378,NEUTRAL
2020-01-02,0.449136,NEUTRAL
2020-01-03,0.450096,NEUTRAL
2020-01-06,0.439539,NEUTRAL
2020-01-07,0.429942,NEUTRAL
2020-01-08,0.420345,NEUTRAL
2020-01-09,0.431862,NEUTRAL
2020-01-10,0.434741,NEUTRAL
2020-01-13,0.428023,NEUTRAL
2020-01-14,0.435701,NEUTRAL
2020-01-15,0.427063,NEUTRAL
2020-01-16,0.423225,NEUTRAL
2020-01-17,0.423225,NEUTRAL
2020-01-20,0.424184,NEUTRAL
2020-01-21,0.441459,NEUTRAL
2020-01-22,0.455854,NEUTRAL
2020-01-30,0.438580,NEUTRAL
2020-01-31,0.417466,NEUTRAL
2020-02-03,0.398849,RISK_OFF
2020-02-04,0.396932,RISK_OFF
2020-02-05,0.395014,RISK_OFF
2020-02-06,0.406520,NEUTRAL
2020-02-07,0.407478,NEUTRAL
2020-02-10,0.406520,NEUTRAL
2020-02-11,0.412272,NEUTRAL
2020-02-12,0.417066,NEUTRAL
2020-02-13,0.405561,NEUTRAL
2020-02-14,0.410355,NEUTRAL
2020-02-17,0.406520,NEUTRAL
2020-02-18,0.399808,RISK_OFF
2020-02-19,0.415149,NEUTRAL
2020-02-20,0.422819,NEUTRAL
2020-02-21,0.412272,NEUTRAL
2020-02-24,0.388303,RISK_OFF
2020-02-25,0.389262,RISK_OFF
2020-02-26,0.385427,RISK_OFF
2020-02-27,0.400767,NEUTRAL
2020-02-28,0.388303,RISK_OFF
2020-03-02,0.391179,RISK_OFF
2020-03-03,0.397510,RISK_OFF
2020-03-04,0.400383,NEUTRAL
2020-03-05,0.403257,NEUTRAL
2020-03-06,0.407656,NEUTRAL
2020-03-09,0.358852,RISK_OFF
2020-03-10,0.361722,RISK_OFF
2020-03-11,0.344498,RISK_OFF
2020-03-12,0.324402,RISK_OFF
2020-03-13,0.306220,RISK_OFF
2020-03-16,0.315488,RISK_OFF
2020-03-17,0.312620,RISK_OFF
2020-03-18,0.314532,RISK_OFF
2020-03-19,0.306883,RISK_OFF
2020-03-20,0.305635,RISK_OFF
2020-03-23,0.271251,RISK_OFF
2020-03-24,0.276982,RISK_OFF
2020-03-25,0.280534,RISK_OFF
2020-03-26,0.281489,RISK_OFF
2020-03-27,0.280534,RISK_OFF
2020-03-30,0.262405,RISK_OFF
2020-03-31,0.259542,RISK_OFF
2020-04-01,0.265014,RISK_OFF
2020-04-03,0.268827,RISK_OFF
2020-04-06,0.281220,RISK_OFF
2020-04-07,0.281220,RISK_OFF
2020-04-08,0.284080,RISK_OFF
2020-04-09,0.290753,RISK_OFF
2020-04-10,0.285033,RISK_OFF
2020-04-13,0.290753,RISK_OFF
2020-04-14,0.286667,RISK_OFF
2020-04-15,0.289524,RISK_OFF
2020-04-16,0.302857,RISK_OFF
2020-04-17,0.311429,RISK_OFF
2020-04-20,0.312381,RISK_OFF
2020-04-21,0.305714,RISK_OFF
2020-04-22,0.305714,RISK_OFF
2020-04-23,0.313333,RISK_OFF
2020-04-24,0.321905,RISK_OFF
2020-04-27,0.327619,RISK_OFF
2020-04-28,0.325714,RISK_OFF
2020-04-29,0.340000,RISK_OFF
2020-05-04,0.336822,RISK_OFF
2020-05-05,0.343156,RISK_OFF
2020-05-06,0.346629,RISK_OFF
2020-05-07,0.346629,RISK_OFF
2020-05-08,0.354226,RISK_OFF
2020-05-11,0.351377,RISK_OFF
2020-05-12,0.366224,RISK_OFF
2020-05-13,0.375947,RISK_OFF
2020-05-14,0.372159,RISK_OFF
2020-05-15,0.364583,RISK_OFF
2020-05-18,0.369915,RISK_OFF
2020-05-19,0.376537,RISK_OFF
2020-05-20,0.381268,RISK_OFF
2020-05-21,0.387890,RISK_OFF
2020-05-22,0.383160,RISK_OFF
2020-05-25,0.403974,NEUTRAL
2020-05-26,0.411542,NEUTRAL
2020-05-27,0.405866,NEUTRAL
2020-05-28,0.406812,NEUTRAL
2020-05-29,0.415326,NEUTRAL
2020-06-01,0.438978,NEUTRAL
2020-06-02,0.428571,NEUTRAL
2020-06-03,0.432356,NEUTRAL
2020-06-04,0.448439,NEUTRAL
2020-06-05,0.466414,NEUTRAL
2020-06-08,0.488174,NEUTRAL
2020-06-09,0.497164,NEUTRAL
2020-06-10,0.518904,NEUTRAL
2020-06-11,0.472590,NEUTRAL
2020-06-12,0.473535,NEUTRAL
2020-06-15,0.447070,NEUTRAL
2020-06-16,0.466478,NEUTRAL
2020-06-17,0.457979,NEUTRAL
2020-06-18,0.468366,NEUTRAL
2020-06-19,0.492918,NEUTRAL
2020-06-22,0.499057,NEUTRAL
2020-06-23,0.499057,NEUTRAL
2020-06-24,0.501887,NEUTRAL
2020-06-25,0.491509,NEUTRAL
2020-06-26,0.475472,NEUTRAL
2020-06-29,0.440566,NEUTRAL
2020-06-30,0.438679,NEUTRAL
2020-07-01,0.466038,NEUTRAL
2020-07-02,0.452830,NEUTRAL
2020-07-03,0.457116,NEUTRAL
2020-07-06,0.472196,NEUTRAL
2020-07-07,0.464656,NEUTRAL
2020-07-08,0.475966,NEUTRAL
2020-07-09,0.507069,NEUTRAL
2020-07-10,0.506126,NEUTRAL
2020-07-13,0.508954,NEUTRAL
2020-07-14,0.513183,NEUTRAL
2020-07-15,0.524482,NEUTRAL
2020-07-16,0.518832,NEUTRAL
2020-07-17,0.526365,NEUTRAL
2020-07-20,0.513641,NEUTRAL
2020-07-21,0.507996,NEUTRAL
2020-07-22,0.498120,NEUTRAL
2020-07-23,0.488722,NEUTRAL
2020-07-24,0.436090,NEUTRAL
2020-07-27,0.394737,RISK_OFF
2020-07-28,0.426291,NEUTRAL
2020-07-29,0.400939,NEUTRAL
2020-07-30,0.419718,NEUTRAL
2020-07-31,0.420657,NEUTRAL
2020-08-03,0.446009,NEUTRAL
2020-08-04,0.461972,NEUTRAL
2020-08-05,0.472300,NEUTRAL
2020-08-06,0.482629,NEUTRAL
2020-08-07,0.481690,NEUTRAL
2020-08-10,0.480751,NEUTRAL
2020-08-11,0.492958,NEUTRAL
2020-08-12,0.489202,NEUTRAL
2020-08-13,0.508920,NEUTRAL
2020-08-14,0.516432,NEUTRAL
2020-08-17,0.518310,NEUTRAL
2020-08-18,0.525822,NEUTRAL
2020-08-19,0.546479,NEUTRAL
2020-08-20,0.544090,NEUTRAL
2020-08-21,0.552952,NEUTRAL
2020-08-24,0.564607,NEUTRAL
2020-08-25,0.574906,NEUTRAL
2020-08-26,0.579981,NEUTRAL
2020-08-27,0.593078,NEUTRAL
2020-08-28,0.600561,RISK_ON
2020-08-31,0.598690,NEUTRAL
2020-09-01,0.607109,RISK_ON
2020-09-03,0.611787,RISK_ON
2020-09-04,0.607109,RISK_ON
2020-09-07,0.603368,RISK_ON
2020-09-08,0.623012,RISK_ON
2020-09-09,0.633302,RISK_ON
2020-09-10,0.637979,RISK_ON
2020-09-11,0.631776,RISK_ON
2020-09-14,0.647664,RISK_ON
2020-09-15,0.647664,RISK_ON
2020-09-16,0.653271,RISK_ON
2020-09-17,0.647059,RISK_ON
2020-09-18,0.651727,RISK_ON
2020-09-21,0.658263,RISK_ON
2020-09-22,0.660131,RISK_ON
2020-09-23,0.659197,RISK_ON
2020-09-24,0.657330,RISK_ON
2020-09-25,0.652985,RISK_ON
2020-09-28,0.664179,RISK_ON
2020-09-29,0.671642,RISK_ON
2020-09-30,0.666045,RISK_ON
2020-10-01,0.663246,RISK_ON
2020-10-02,0.658900,RISK_ON
2020-10-05,0.663873,RISK_ON
2020-10-06,0.675978,RISK_ON
2020-10-07,0.683426,RISK_ON
2020-10-08,0.675047,RISK_ON
2020-10-09,0.681564,RISK_ON
2020-10-12,0.676909,RISK_ON
2020-10-13,0.679702,RISK_ON
2020-10-14,0.680297,RISK_ON
2020-10-15,0.679368,RISK_ON
2020-10-16,0.676580,RISK_ON
2020-10-19,0.675651,RISK_ON
2020-10-20,0.674721,RISK_ON
2020-10-21,0.673166,RISK_ON
2020-10-22,0.672542,RISK_ON
2020-10-23,0.681818,RISK_ON
2020-10-26,0.677180,RISK_ON
2020-10-27,0.659870,RISK_ON
2020-10-28,0.635774,RISK_ON
2020-10-29,0.638554,RISK_ON
2020-10-30,0.638554,RISK_ON
2020-11-02,0.646895,RISK_ON
2020-11-03,0.647822,RISK_ON
2020-11-04,0.664504,RISK_ON
2020-11-05,0.659259,RISK_ON
2020-11-06,0.667593,RISK_ON
2020-11-09,0.684259,RISK_ON
2020-11-10,0.680556,RISK_ON
2020-11-11,0.682407,RISK_ON
2020-11-12,0.668519,RISK_ON
2020-11-13,0.677778,RISK_ON
2020-11-16,0.676226,RISK_ON
2020-11-17,0.686401,RISK_ON
2020-11-18,0.685476,RISK_ON
2020-11-19,0.692877,RISK_ON
2020-11-20,0.695933,RISK_ON
2020-11-23,0.696858,RISK_ON
2020-11-24,0.696858,RISK_ON
2020-11-25,0.694085,RISK_ON
2020-11-26,0.701479,RISK_ON
2020-11-27,0.695009,RISK_ON
2020-11-30,0.695009,RISK_ON
2020-12-01,0.696214,RISK_ON
2020-12-02,0.704524,RISK_ON
2020-12-03,0.706371,RISK_ON
2020-12-04,0.698984,RISK_ON
2020-12-07,0.711255,RISK_ON
2020-12-08,0.717712,RISK_ON
2020-12-09,0.724170,RISK_ON
2020-12-10,0.720480,RISK_ON
2020-12-11,0.734317,RISK_ON
2020-12-14,0.730627,RISK_ON
2020-12-15,0.741697,RISK_ON
2020-12-16,0.750000,RISK_ON
2020-12-17,0.746310,RISK_ON
2020-12-18,0.759225,RISK_ON
2020-12-21,0.771218,RISK_ON
2020-12-22,0.773063,RISK_ON
2020-12-23,0.782288,RISK_ON
2020-12-24,0.773063,RISK_ON
2020-12-25,0.780645,RISK_ON
2020-12-28,0.787489,RISK_ON
2020-12-29,0.787489,RISK_ON
2020-12-30,0.795768,RISK_ON
2020-12-31,0.800551,RISK_ON
2021-01-04,0.804228,RISK_ON
2021-01-05,0.797062,RISK_ON
2021-01-06,0.804408,RISK_ON
2021-01-07,0.809917,RISK_ON
2021-01-08,0.817264,RISK_ON
2021-01-11,0.820018,RISK_ON
2021-01-12,0.825528,RISK_ON
2021-01-13,0.828440,RISK_ON
2021-01-14,0.823853,RISK_ON
2021-01-15,0.829358,RISK_ON
2021-01-18,0.833945,RISK_ON
2021-01-19,0.823853,RISK_ON
2021-01-20,0.824771,RISK_ON
2021-01-21,0.829358,RISK_ON
2021-01-22,0.833028,RISK_ON
2021-01-25,0.833028,RISK_ON
2021-01-26,0.825688,RISK_ON
2021-01-27,0.816514,RISK_ON
2021-01-28,0.739450,RISK_ON
2021-01-29,0.780734,RISK_ON
2021-02-01,0.757798,RISK_ON
2021-02-02,0.758937,RISK_ON
2021-02-03,0.791017,RISK_ON
2021-02-04,0.797434,RISK_ON
2021-02-05,0.797434,RISK_ON
2021-02-08,0.786630,RISK_ON
2021-02-09,0.798535,RISK_ON
2021-02-17,0.811355,RISK_ON
2021-02-18,0.819762,RISK_ON
2021-02-19,0.816102,RISK_ON
2021-02-22,0.817185,RISK_ON
2021-02-23,0.827239,RISK_ON
2021-02-24,0.824658,RISK_ON
2021-02-25,0.822831,RISK_ON
2021-02-26,0.823744,RISK_ON
2021-03-01,0.824658,RISK_ON
2021-03-02,0.826484,RISK_ON
2021-03-03,0.833790,RISK_ON
2021-03-04,0.825571,RISK_ON
2021-03-05,0.833790,RISK_ON
2021-03-08,0.836530,RISK_ON
2021-03-09,0.833942,RISK_ON
2021-03-10,0.835005,RISK_ON
2021-03-11,0.841386,RISK_ON
2021-03-12,0.840474,RISK_ON
2021-03-15,0.846855,RISK_ON
2021-03-16,0.847767,RISK_ON
2021-03-17,0.852325,RISK_ON
2021-03-18,0.863263,RISK_ON
2021-03-19,0.860529,RISK_ON
2021-03-22,0.857794,RISK_ON
2021-03-23,0.854148,RISK_ON
2021-03-24,0.850501,RISK_ON
2021-03-25,0.844120,RISK_ON
2021-03-26,0.842297,RISK_ON
2021-03-29,0.847905,RISK_ON
2021-03-30,0.849727,RISK_ON
2021-03-31,0.851548,RISK_ON
2021-04-01,0.850638,RISK_ON
2021-04-02,0.855191,RISK_ON
2021-04-05,0.856233,RISK_ON
2021-04-06,0.859873,RISK_ON
2021-04-07,0.861692,RISK_ON
2021-04-08,0.864545,RISK_ON
2021-04-09,0.871818,RISK_ON
2021-04-12,0.868182,RISK_ON
2021-04-13,0.869210,RISK_ON
2021-04-14,0.867393,RISK_ON
2021-04-15,0.864791,RISK_ON
2021-04-16,0.854809,RISK_ON
2021-04-19,0.856624,RISK_ON
2021-04-20,0.852087,RISK_ON
2021-04-22,0.840290,RISK_ON
2021-04-23,0.846642,RISK_ON
2021-04-26,0.829710,RISK_ON
2021-04-27,0.815385,RISK_ON
2021-04-28,0.829114,RISK_ON
2021-04-29,0.830922,RISK_ON
2021-05-04,0.812839,RISK_ON
2021-05-05,0.816456,RISK_ON
2021-05-06,0.818264,RISK_ON
2021-05-07,0.801085,RISK_ON
2021-05-10,0.788618,RISK_ON
2021-05-11,0.794038,RISK_ON
2021-05-12,0.795126,RISK_ON
2021-05-13,0.792419,RISK_ON
2021-05-14,0.800721,RISK_ON
2021-05-17,0.781982,RISK_ON
2021-05-18,0.782883,RISK_ON
2021-05-19,0.767568,RISK_ON
2021-05-20,0.749550,RISK_ON
2021-05-21,0.763964,RISK_ON
2021-05-24,0.769577,RISK_ON
2021-05-25,0.772277,RISK_ON
2021-05-26,0.770477,RISK_ON
2021-05-27,0.758776,RISK_ON
2021-05-28,0.751575,RISK_ON
2021-05-31,0.744374,RISK_ON
2021-06-01,0.753375,RISK_ON
2021-06-02,0.765077,RISK_ON
2021-06-03,0.788479,RISK_ON
2021-06-04,0.789379,RISK_ON
2021-06-07,0.790468,RISK_ON
2021-06-08,0.781671,RISK_ON
2021-06-09,0.781671,RISK_ON
2021-06-10,0.769991,RISK_ON
2021-06-11,0.788859,RISK_ON
2021-06-14,0.781867,RISK_ON
2021-06-15,0.785458,RISK_ON
2021-06-16,0.788151,RISK_ON
2021-06-17,0.795332,RISK_ON
2021-06-18,0.805206,RISK_ON
2021-06-21,0.805206,RISK_ON
2021-06-22,0.816876,RISK_ON
2021-06-23,0.808072,RISK_ON
2021-06-24,0.798206,RISK_ON
2021-06-25,0.795516,RISK_ON
2021-06-28,0.788341,RISK_ON
2021-06-29,0.788341,RISK_ON
2021-06-30,0.783857,RISK_ON
2021-07-01,0.777578,RISK_ON
2021-07-02,0.774888,RISK_ON
2021-07-05,0.756951,RISK_ON
2021-07-06,0.726457,RISK_ON
2021-07-07,0.712366,RISK_ON
2021-07-08,0.711728,RISK_ON
2021-07-09,0.686661,RISK_ON
2021-07-12,0.630260,RISK_ON
2021-07-13,0.644007,RISK_ON
2021-07-14,0.641324,RISK_ON
2021-07-15,0.662791,RISK_ON
2021-07-16,0.661002,RISK_ON
2021-07-19,0.622878,RISK_ON
2021-07-20,0.639857,RISK_ON
2021-07-21,0.638393,RISK_ON
2021-07-22,0.643750,RISK_ON
2021-07-23,0.646429,RISK_ON
2021-07-26,0.639286,RISK_ON
2021-07-27,0.648214,RISK_ON
2021-07-28,0.645852,RISK_ON
2021-07-29,0.643494,RISK_ON
2021-07-30,0.651515,RISK_ON
2021-08-02,0.647059,RISK_ON
2021-08-03,0.642030,RISK_ON
2021-08-04,0.650045,RISK_ON
2021-08-05,0.673197,RISK_ON
2021-08-06,0.672306,RISK_ON
2021-08-09,0.686554,RISK_ON
2021-08-10,0.703473,RISK_ON
2021-08-11,0.707925,RISK_ON
2021-08-12,0.712378,RISK_ON
2021-08-13,0.712378,RISK_ON
2021-08-16,0.728406,RISK_ON
2021-08-17,0.729297,RISK_ON
2021-08-18,0.724844,RISK_ON
2021-08-19,0.730187,RISK_ON
2021-08-20,0.715939,RISK_ON
2021-08-23,0.707925,RISK_ON
2021-08-24,0.696349,RISK_ON
2021-08-25,0.702847,RISK_ON
2021-08-26,0.701068,RISK_ON
2021-08-27,0.709075,RISK_ON
2021-08-30,0.737544,RISK_ON
2021-08-31,0.748221,RISK_ON
2021-09-01,0.760676,RISK_ON
2021-09-06,0.776690,RISK_ON
2021-09-07,0.767794,RISK_ON
2021-09-08,0.766014,RISK_ON
2021-09-09,0.779359,RISK_ON
2021-09-10,0.785778,RISK_ON
2021-09-13,0.793961,RISK_ON
2021-09-14,0.799290,RISK_ON
2021-09-15,0.810835,RISK_ON
2021-09-16,0.812777,RISK_ON
2021-09-17,0.818101,RISK_ON
2021-09-20,0.826974,RISK_ON
2021-09-21,0.820763,RISK_ON
2021-09-22,0.837622,RISK_ON
2021-09-23,0.831560,RISK_ON
2021-09-24,0.830674,RISK_ON
2021-09-27,0.797872,RISK_ON
2021-09-28,0.803366,RISK_ON
2021-09-29,0.812223,RISK_ON
2021-09-30,0.815766,RISK_ON
2021-10-01,0.813109,RISK_ON
2021-10-04,0.813109,RISK_ON
2021-10-05,0.829204,RISK_ON
2021-10-06,0.830088,RISK_ON
2021-10-07,0.823894,RISK_ON
2021-10-08,0.827586,RISK_ON
2021-10-11,0.831272,RISK_ON
2021-10-12,0.829656,RISK_ON
2021-10-13,0.833480,RISK_ON
2021-10-14,0.838028,RISK_ON
2021-10-15,0.835387,RISK_ON
2021-10-18,0.833773,RISK_ON
2021-10-19,0.841689,RISK_ON
2021-10-20,0.837291,RISK_ON
2021-10-21,0.840070,RISK_ON
2021-10-22,0.839192,RISK_ON
2021-10-25,0.846356,RISK_ON
2021-10-26,0.850877,RISK_ON
2021-10-27,0.855390,RISK_ON
2021-10-28,0.859895,RISK_ON
2021-10-29,0.872154,RISK_ON
2021-11-01,0.880140,RISK_ON
2021-11-02,0.886264,RISK_ON
2021-11-03,0.882867,RISK_ON
2021-11-04,0.878603,RISK_ON
2021-11-05,0.883843,RISK_ON
2021-11-08,0.886463,RISK_ON
2021-11-09,0.889956,RISK_ON
2021-11-10,0.893450,RISK_ON
2021-11-11,0.892670,RISK_ON
2021-11-12,0.899738,RISK_ON
2021-11-15,0.907585,RISK_ON
2021-11-16,0.903226,RISK_ON
2021-11-17,0.905923,RISK_ON
2021-11-18,0.910279,RISK_ON
2021-11-19,0.902439,RISK_ON
2021-11-22,0.893821,RISK_ON
2021-11-23,0.890339,RISK_ON
2021-11-24,0.907746,RISK_ON
2021-11-25,0.907826,RISK_ON
2021-11-26,0.907826,RISK_ON
2021-11-29,0.901739,RISK_ON
2021-11-30,0.898261,RISK_ON
2021-12-01,0.905217,RISK_ON
2021-12-02,0.904348,RISK_ON
2021-12-03,0.891304,RISK_ON
2021-12-06,0.869565,RISK_ON
2021-12-07,0.886957,RISK_ON
2021-12-08,0.884348,RISK_ON
2021-12-09,0.886957,RISK_ON
2021-12-10,0.880000,RISK_ON
2021-12-13,0.889565,RISK_ON
2021-12-14,0.889661,RISK_ON
2021-12-15,0.890625,RISK_ON
2021-12-16,0.893229,RISK_ON
2021-12-17,0.883681,RISK_ON
2021-12-20,0.877604,RISK_ON
2021-12-21,0.880208,RISK_ON
2021-12-22,0.878472,RISK_ON
2021-12-23,0.866435,RISK_ON
2021-12-24,0.872507,RISK_ON
2021-12-27,0.872507,RISK_ON
2021-12-28,0.874350,RISK_ON
2021-12-29,0.876083,RISK_ON
2021-12-30,0.876083,RISK_ON
2021-12-31,0.881282,RISK_ON
2022-01-04,0.889081,RISK_ON
2022-01-05,0.878893,RISK_ON
2022-01-06,0.879758,RISK_ON
2022-01-07,0.878893,RISK_ON
2022-01-10,0.881488,RISK_ON
2022-01-11,0.871972,RISK_ON
2022-01-12,0.862457,RISK_ON
2022-01-13,0.847751,RISK_ON
2022-01-14,0.842561,RISK_ON
2022-01-17,0.800173,RISK_ON
2022-01-18,0.762976,RISK_ON
2022-01-19,0.774221,RISK_ON
2022-01-20,0.789110,RISK_ON
2022-01-21,0.796024,RISK_ON
2022-01-24,0.739206,RISK_ON
2022-01-25,0.745250,RISK_ON
2022-01-26,0.746114,RISK_ON
2022-01-27,0.743523,RISK_ON
2022-01-28,0.747841,RISK_ON
2022-02-07,0.790155,RISK_ON
2022-02-08,0.799655,RISK_ON
2022-02-09,0.810017,RISK_ON
2022-02-10,0.809154,RISK_ON
2022-02-11,0.805867,RISK_ON
2022-02-14,0.797414,RISK_ON
2022-02-15,0.804310,RISK_ON
2022-02-16,0.807759,RISK_ON
2022-02-17,0.814815,RISK_ON
2022-02-18,0.819121,RISK_ON
2022-02-21,0.837209,RISK_ON
2022-02-22,0.820998,RISK_ON
2022-02-23,0.834768,RISK_ON
2022-02-24,0.808090,RISK_ON
2022-02-25,0.818417,RISK_ON
2022-02-28,0.818417,RISK_ON
2022-03-01,0.826162,RISK_ON
2022-03-02,0.812392,RISK_ON
2022-03-03,0.833907,RISK_ON
2022-03-04,0.841652,RISK_ON
2022-03-07,0.857266,RISK_ON
2022-03-08,0.845361,RISK_ON
2022-03-09,0.837629,RISK_ON
2022-03-10,0.842784,RISK_ON
2022-03-11,0.839347,RISK_ON
2022-03-14,0.812715,RISK_ON
2022-03-15,0.812715,RISK_ON
2022-03-16,0.817869,RISK_ON
2022-03-17,0.812715,RISK_ON
2022-03-18,0.817869,RISK_ON
2022-03-21,0.838488,RISK_ON
2022-03-22,0.841924,RISK_ON
2022-03-23,0.843643,RISK_ON
2022-03-24,0.846220,RISK_ON
2022-03-25,0.847079,RISK_ON
2022-03-28,0.838488,RISK_ON
2022-03-29,0.846352,RISK_ON
2022-03-30,0.829185,RISK_ON
2022-03-31,0.824893,RISK_ON
2022-04-01,0.820601,RISK_ON
2022-04-04,0.834335,RISK_ON
2022-04-05,0.839485,RISK_ON
2022-04-06,0.826609,RISK_ON
2022-04-07,0.817167,RISK_ON
2022-04-08,0.785408,RISK_ON
2022-04-12,0.729614,RISK_ON
2022-04-13,0.743348,RISK_ON
2022-04-14,0.742489,RISK_ON
2022-04-15,0.715021,RISK_ON
2022-04-18,0.639485,RISK_ON
2022-04-19,0.600858,RISK_ON
2022-04-20,0.555365,NEUTRAL
2022-04-21,0.502146,NEUTRAL
2022-04-22,0.484120,NEUTRAL
2022-04-25,0.427468,NEUTRAL
2022-04-26,0.451115,NEUTRAL
2022-04-27,0.468268,NEUTRAL
2022-04-28,0.476844,NEUTRAL
2022-04-29,0.512864,NEUTRAL
2022-05-04,0.488851,NEUTRAL
2022-05-05,0.484147,NEUTRAL
2022-05-06,0.445205,NEUTRAL
2022-05-09,0.383234,RISK_OFF
2022-05-10,0.391453,RISK_OFF
2022-05-11,0.394872,RISK_OFF
2022-05-12,0.358974,RISK_OFF
2022-05-13,0.317094,RISK_OFF
2022-05-16,0.315385,RISK_OFF
2022-05-17,0.340171,RISK_OFF
2022-05-18,0.339316,RISK_OFF
2022-05-19,0.337607,RISK_OFF
2022-05-20,0.340171,RISK_OFF
2022-05-23,0.330769,RISK_OFF
2022-05-24,0.330769,RISK_OFF
2022-05-25,0.347270,RISK_OFF
2022-05-26,0.344710,RISK_OFF
2022-05-27,0.351536,RISK_OFF
2022-05-30,0.362628,RISK_OFF
2022-05-31,0.358362,RISK_OFF
2022-06-01,0.354949,RISK_OFF
2022-06-02,0.356655,RISK_OFF
2022-06-03,0.341297,RISK_OFF
2022-06-06,0.347826,RISK_OFF
2022-06-07,0.341858,RISK_OFF
2022-06-08,0.352089,RISK_OFF
2022-06-09,0.355499,RISK_OFF
2022-06-10,0.341006,RISK_OFF
2022-06-13,0.308610,RISK_OFF
2022-06-14,0.309463,RISK_OFF
2022-06-15,0.299233,RISK_OFF
2022-06-16,0.312020,RISK_OFF
2022-06-17,0.297528,RISK_OFF
2022-06-20,0.276215,RISK_OFF
2022-06-21,0.262575,RISK_OFF
2022-06-22,0.258312,RISK_OFF
2022-06-23,0.269395,RISK_OFF
2022-06-24,0.279625,RISK_OFF
2022-06-27,0.290460,RISK_OFF
2022-06-28,0.287053,RISK_OFF
2022-06-29,0.285349,RISK_OFF
2022-06-30,0.286201,RISK_OFF
2022-07-01,0.267234,RISK_OFF
2022-07-04,0.270638,RISK_OFF
2022-07-05,0.262755,RISK_OFF
2022-07-06,0.254252,RISK_OFF
2022-07-07,0.249150,RISK_OFF
2022-07-08,0.254252,RISK_OFF
2022-07-11,0.244048,RISK_OFF
2022-07-12,0.245748,RISK_OFF
2022-07-13,0.249150,RISK_OFF
2022-07-14,0.249150,RISK_OFF
2022-07-15,0.250850,RISK_OFF
2022-07-18,0.258503,RISK_OFF
2022-07-19,0.256803,RISK_OFF
2022-07-20,0.262755,RISK_OFF
2022-07-21,0.262755,RISK_OFF
2022-07-22,0.261054,RISK_OFF
2022-07-25,0.261682,RISK_OFF
2022-07-26,0.253186,RISK_OFF
2022-07-27,0.261682,RISK_OFF
2022-07-28,0.265930,RISK_OFF
2022-07-29,0.269949,RISK_OFF
2022-08-01,0.277589,RISK_OFF
2022-08-02,0.282683,RISK_OFF
2022-08-03,0.275891,RISK_OFF
2022-08-04,0.280985,RISK_OFF
2022-08-05,0.286927,RISK_OFF
2022-08-08,0.292020,RISK_OFF
2022-08-09,0.295416,RISK_OFF
2022-08-10,0.292020,RISK_OFF
2022-08-11,0.286078,RISK_OFF
2022-08-12,0.291171,RISK_OFF
2022-08-15,0.288380,RISK_OFF
2022-08-16,0.291773,RISK_OFF
2022-08-17,0.287532,RISK_OFF
2022-08-18,0.291773,RISK_OFF
2022-08-19,0.292373,RISK_OFF
2022-08-22,0.281356,RISK_OFF
2022-08-23,0.281356,RISK_OFF
2022-08-24,0.291525,RISK_OFF
2022-08-25,0.302542,RISK_OFF
2022-08-26,0.298305,RISK_OFF
2022-08-29,0.292373,RISK_OFF
2022-08-30,0.297458,RISK_OFF
2022-08-31,0.300847,RISK_OFF
2022-09-05,0.297458,RISK_OFF
2022-09-06,0.293220,RISK_OFF
2022-09-07,0.273729,RISK_OFF
2022-09-08,0.266102,RISK_OFF
2022-09-09,0.272881,RISK_OFF
2022-09-12,0.278814,RISK_OFF
2022-09-13,0.281356,RISK_OFF
2022-09-14,0.272881,RISK_OFF
2022-09-15,0.281964,RISK_OFF
2022-09-16,0.265030,RISK_OFF
2022-09-19,0.252329,RISK_OFF
2022-09-20,0.251482,RISK_OFF
2022-09-21,0.252115,RISK_OFF
2022-09-22,0.250211,RISK_OFF
2022-09-23,0.253165,RISK_OFF
2022-09-26,0.232911,RISK_OFF
2022-09-27,0.233755,RISK_OFF
2022-09-28,0.222597,RISK_OFF
2022-09-29,0.227464,RISK_OFF
2022-09-30,0.220725,RISK_OFF
2022-10-03,0.214827,RISK_OFF
2022-10-04,0.217355,RISK_OFF
2022-10-05,0.216512,RISK_OFF
2022-10-06,0.212300,RISK_OFF
2022-10-07,0.203033,RISK_OFF
2022-10-10,0.203033,RISK_OFF
2022-10-11,0.191238,RISK_OFF
2022-10-12,0.193766,RISK_OFF
2022-10-13,0.192923,RISK_OFF
2022-10-14,0.200505,RISK_OFF
2022-10-17,0.202691,RISK_OFF
2022-10-18,0.204202,RISK_OFF
2022-10-19,0.201681,RISK_OFF
2022-10-20,0.194794,RISK_OFF
2022-10-21,0.194794,RISK_OFF
2022-10-24,0.183879,RISK_OFF
2022-10-25,0.182200,RISK_OFF
2022-10-26,0.174643,RISK_OFF
2022-10-27,0.181208,RISK_OFF
2022-10-28,0.181742,RISK_OFF
2022-10-31,0.174204,RISK_OFF
2022-11-01,0.179916,RISK_OFF
2022-11-02,0.174059,RISK_OFF
2022-11-03,0.174059,RISK_OFF
2022-11-04,0.173222,RISK_OFF
2022-11-07,0.168201,RISK_OFF
2022-11-08,0.167364,RISK_OFF
2022-11-09,0.173222,RISK_OFF
2022-11-10,0.170711,RISK_OFF
2022-11-11,0.164017,RISK_OFF
2022-11-14,0.157191,RISK_OFF
2022-11-15,0.154553,RISK_OFF
2022-11-16,0.163743,RISK_OFF
2022-11-17,0.165414,RISK_OFF
2022-11-18,0.165414,RISK_OFF
2022-11-21,0.163743,RISK_OFF
2022-11-22,0.157059,RISK_OFF
2022-11-23,0.156224,RISK_OFF
2022-11-24,0.154553,RISK_OFF
2022-11-25,0.159566,RISK_OFF
2022-11-28,0.167084,RISK_OFF
2022-11-29,0.167084,RISK_OFF
2022-11-30,0.167920,RISK_OFF
2022-12-01,0.164578,RISK_OFF
2022-12-02,0.166249,RISK_OFF
2022-12-05,0.174603,RISK_OFF
2022-12-06,0.165414,RISK_OFF
2022-12-07,0.166249,RISK_OFF
2022-12-08,0.170426,RISK_OFF
2022-12-09,0.174603,RISK_OFF
2022-12-12,0.171261,RISK_OFF
2022-12-13,0.177109,RISK_OFF
2022-12-14,0.181287,RISK_OFF
2022-12-15,0.187135,RISK_OFF
2022-12-16,0.187970,RISK_OFF
2022-12-19,0.182805,RISK_OFF
2022-12-20,0.177796,RISK_OFF
2022-12-21,0.178631,RISK_OFF
2022-12-22,0.176962,RISK_OFF
2022-12-23,0.180301,RISK_OFF
2022-12-26,0.181135,RISK_OFF
2022-12-27,0.181135,RISK_OFF
2022-12-28,0.191987,RISK_OFF
2022-12-29,0.191152,RISK_OFF
2022-12-30,0.197830,RISK_OFF
2023-01-03,0.202003,RISK_OFF
2023-01-04,0.201169,RISK_OFF
2023-01-05,0.200167,RISK_OFF
2023-01-06,0.200167,RISK_OFF
2023-01-09,0.201001,RISK_OFF
2023-01-10,0.210175,RISK_OFF
2023-01-11,0.206005,RISK_OFF
2023-01-12,0.211009,RISK_OFF
2023-01-13,0.209341,RISK_OFF
2023-01-16,0.199333,RISK_OFF
2023-01-17,0.215179,RISK_OFF
2023-01-18,0.216013,RISK_OFF
2023-01-19,0.240200,RISK_OFF
2023-01-27,0.250209,RISK_OFF
2023-01-30,0.254379,RISK_OFF
2023-01-31,0.270225,RISK_OFF
2023-02-01,0.247706,RISK_OFF
2023-02-02,0.245204,RISK_OFF
2023-02-03,0.247706,RISK_OFF
2023-02-06,0.253545,RISK_OFF
2023-02-07,0.239366,RISK_OFF
2023-02-08,0.250833,RISK_OFF
2023-02-09,0.254167,RISK_OFF
2023-02-10,0.250833,RISK_OFF
2023-02-13,0.244167,RISK_OFF
2023-02-14,0.243333,RISK_OFF
2023-02-15,0.254167,RISK_OFF
2023-02-16,0.257500,RISK_OFF
2023-02-17,0.261667,RISK_OFF
2023-02-20,0.276667,RISK_OFF
2023-02-21,0.282500,RISK_OFF
2023-02-22,0.265000,RISK_OFF
2023-02-23,0.258951,RISK_OFF
2023-02-24,0.253955,RISK_OFF
2023-02-27,0.242928,RISK_OFF
2023-02-28,0.250416,RISK_OFF
2023-03-01,0.254576,RISK_OFF
2023-03-02,0.253744,RISK_OFF
2023-03-03,0.244592,RISK_OFF
2023-03-06,0.251039,RISK_OFF
2023-03-07,0.253533,RISK_OFF
2023-03-08,0.262677,RISK_OFF
2023-03-09,0.269327,RISK_OFF
2023-03-10,0.274314,RISK_OFF
2023-03-13,0.280133,RISK_OFF
2023-03-14,0.263508,RISK_OFF
2023-03-15,0.288446,RISK_OFF
2023-03-16,0.280964,RISK_OFF
2023-03-17,0.280133,RISK_OFF
2023-03-20,0.268495,RISK_OFF
2023-03-21,0.274314,RISK_OFF
2023-03-22,0.283458,RISK_OFF
2023-03-23,0.287614,RISK_OFF
2023-03-24,0.288446,RISK_OFF
2023-03-27,0.297589,RISK_OFF
2023-03-28,0.298421,RISK_OFF
2023-03-29,0.298421,RISK_OFF
2023-03-30,0.300083,RISK_OFF
2023-03-31,0.310058,RISK_OFF
2023-04-03,0.313383,RISK_OFF
2023-04-04,0.316183,RISK_OFF
2023-04-05,0.325041,RISK_OFF
2023-04-06,0.326700,RISK_OFF
2023-04-07,0.322554,RISK_OFF
2023-04-10,0.330846,RISK_OFF
2023-04-11,0.333333,RISK_OFF
2023-04-12,0.335821,RISK_OFF
2023-04-13,0.322554,RISK_OFF
2023-04-14,0.315091,RISK_OFF
2023-04-17,0.315091,RISK_OFF
2023-04-18,0.319237,RISK_OFF
2023-04-19,0.317579,RISK_OFF
2023-04-20,0.325041,RISK_OFF
2023-04-21,0.330846,RISK_OFF
2023-04-24,0.320066,RISK_OFF
2023-04-25,0.320066,RISK_OFF
2023-04-26,0.325871,RISK_OFF
2023-04-27,0.332504,RISK_OFF
2023-04-28,0.339685,RISK_OFF
2023-05-04,0.334714,RISK_OFF
2023-05-05,0.347970,RISK_OFF
2023-05-08,0.347142,RISK_OFF
2023-05-09,0.347682,RISK_OFF
2023-05-10,0.360927,RISK_OFF
2023-05-11,0.374172,RISK_OFF
2023-05-12,0.379967,RISK_OFF
2023-05-15,0.384934,RISK_OFF
2023-05-16,0.393212,RISK_OFF
2023-05-17,0.385762,RISK_OFF
2023-05-18,0.384615,RISK_OFF
2023-05-19,0.391232,RISK_OFF
2023-05-22,0.399504,RISK_OFF
2023-05-23,0.400331,NEUTRAL
2023-05-24,0.407775,NEUTRAL
2023-05-25,0.414392,NEUTRAL
2023-05-26,0.430935,NEUTRAL
2023-05-29,0.470248,NEUTRAL
2023-05-30,0.487603,NEUTRAL
2023-05-31,0.509091,NEUTRAL
2023-06-01,0.538843,NEUTRAL
2023-06-02,0.548760,NEUTRAL
2023-06-05,0.548760,NEUTRAL
2023-06-06,0.561157,NEUTRAL
2023-06-07,0.576860,NEUTRAL
2023-06-08,0.576860,NEUTRAL
2023-06-09,0.573906,NEUTRAL
2023-06-12,0.582989,NEUTRAL
2023-06-13,0.597027,NEUTRAL
2023-06-14,0.601156,RISK_ON
2023-06-15,0.606111,RISK_ON
2023-06-16,0.603633,RISK_ON
2023-06-19,0.583815,NEUTRAL
2023-06-20,0.596201,NEUTRAL
2023-06-21,0.611891,RISK_ON
2023-06-22,0.616020,RISK_ON
2023-06-23,0.624277,RISK_ON
2023-06-26,0.613543,RISK_ON
2023-06-27,0.621800,RISK_ON
2023-06-28,0.616020,RISK_ON
2023-06-29,0.616846,RISK_ON
2023-06-30,0.618497,RISK_ON
2023-07-03,0.622626,RISK_ON
2023-07-04,0.622626,RISK_ON
2023-07-05,0.625929,RISK_ON
2023-07-06,0.621800,RISK_ON
2023-07-07,0.617671,RISK_ON
2023-07-10,0.634187,RISK_ON
2023-07-11,0.644096,RISK_ON
2023-07-12,0.644922,RISK_ON
2023-07-13,0.658960,RISK_ON
2023-07-14,0.656482,RISK_ON
2023-07-17,0.663088,RISK_ON
2023-07-18,0.663366,RISK_ON
2023-07-19,0.650990,RISK_ON
2023-07-20,0.655941,RISK_ON
2023-07-21,0.673267,RISK_ON
2023-07-24,0.674092,RISK_ON
2023-07-25,0.674917,RISK_ON
2023-07-26,0.678218,RISK_ON
2023-07-27,0.680693,RISK_ON
2023-07-28,0.692244,RISK_ON
2023-07-31,0.692244,RISK_ON
2023-08-01,0.700495,RISK_ON
2023-08-02,0.704620,RISK_ON
2023-08-03,0.700495,RISK_ON
2023-08-04,0.702145,RISK_ON
2023-08-07,0.704620,RISK_ON
2023-08-08,0.712871,RISK_ON
2023-08-09,0.718647,RISK_ON
2023-08-10,0.711221,RISK_ON
2023-08-11,0.714521,RISK_ON
2023-08-14,0.717822,RISK_ON
2023-08-15,0.716997,RISK_ON
2023-08-16,0.718647,RISK_ON
2023-08-17,0.713696,RISK_ON
2023-08-18,0.676568,RISK_ON
2023-08-21,0.663366,RISK_ON
2023-08-22,0.663366,RISK_ON
2023-08-23,0.664191,RISK_ON
2023-08-24,0.674917,RISK_ON
2023-08-25,0.675743,RISK_ON
2023-08-28,0.688119,RISK_ON
2023-08-29,0.683993,RISK_ON
2023-08-30,0.688944,RISK_ON
2023-08-31,0.696620,RISK_ON
2023-09-05,0.697444,RISK_ON
2023-09-06,0.701566,RISK_ON
2023-09-07,0.700742,RISK_ON
2023-09-08,0.705107,RISK_ON
2023-09-11,0.693575,RISK_ON
2023-09-12,0.695222,RISK_ON
2023-09-13,0.695222,RISK_ON
2023-09-14,0.685338,RISK_ON
2023-09-15,0.678748,RISK_ON
2023-09-18,0.681219,RISK_ON
2023-09-19,0.674629,RISK_ON
2023-09-20,0.693575,RISK_ON
2023-09-21,0.686985,RISK_ON
2023-09-22,0.659802,RISK_ON
2023-09-25,0.612850,RISK_ON
2023-09-26,0.597199,NEUTRAL
2023-09-27,0.589786,NEUTRAL
2023-09-28,0.588962,NEUTRAL
2023-09-29,0.597199,NEUTRAL
2023-10-02,0.598847,NEUTRAL
2023-10-03,0.562603,NEUTRAL
2023-10-04,0.562603,NEUTRAL
2023-10-05,0.551440,NEUTRAL
2023-10-06,0.559671,NEUTRAL
2023-10-09,0.565432,NEUTRAL
2023-10-10,0.576132,NEUTRAL
2023-10-11,0.587654,NEUTRAL
2023-10-12,0.586831,NEUTRAL
2023-10-13,0.587654,NEUTRAL
2023-10-16,0.582716,NEUTRAL
2023-10-17,0.558848,NEUTRAL
2023-10-18,0.511111,NEUTRAL
2023-10-19,0.481481,NEUTRAL
2023-10-20,0.509465,NEUTRAL
2023-10-23,0.502881,NEUTRAL
2023-10-24,0.502881,NEUTRAL
2023-10-25,0.497942,NEUTRAL
2023-10-26,0.404115,NEUTRAL
2023-10-27,0.419753,NEUTRAL
2023-10-30,0.403292,NEUTRAL
2023-10-31,0.367901,RISK_OFF
2023-11-01,0.379934,RISK_OFF
2023-11-02,0.430099,NEUTRAL
2023-11-03,0.431389,NEUTRAL
2023-11-06,0.437962,NEUTRAL
2023-11-07,0.424815,NEUTRAL
2023-11-08,0.460148,NEUTRAL
2023-11-09,0.487264,NEUTRAL
2023-11-10,0.479047,NEUTRAL
2023-11-13,0.471652,NEUTRAL
2023-11-14,0.484799,NEUTRAL
2023-11-15,0.497946,NEUTRAL
2023-11-16,0.498767,NEUTRAL
2023-11-17,0.486864,NEUTRAL
2023-11-20,0.472906,NEUTRAL
2023-11-21,0.476190,NEUTRAL
2023-11-22,0.477833,NEUTRAL
2023-11-23,0.464696,NEUTRAL
2023-11-24,0.458128,NEUTRAL
2023-11-27,0.442529,NEUTRAL
2023-11-28,0.435961,NEUTRAL
2023-11-29,0.451560,NEUTRAL
2023-11-30,0.445813,NEUTRAL
2023-12-01,0.446634,NEUTRAL
2023-12-04,0.484824,NEUTRAL
2023-12-05,0.486885,NEUTRAL
2023-12-06,0.492623,NEUTRAL
2023-12-07,0.484426,NEUTRAL
2023-12-08,0.489344,NEUTRAL
2023-12-11,0.481148,NEUTRAL
2023-12-12,0.486885,NEUTRAL
2023-12-13,0.465574,NEUTRAL
2023-12-14,0.455738,NEUTRAL
2023-12-15,0.454098,NEUTRAL
2023-12-18,0.445082,NEUTRAL
2023-12-19,0.449180,NEUTRAL
2023-12-20,0.452459,NEUTRAL
2023-12-21,0.456557,NEUTRAL
2023-12-22,0.448361,NEUTRAL
2023-12-25,0.462735,NEUTRAL
2023-12-26,0.464373,NEUTRAL
2023-12-27,0.477477,NEUTRAL
2023-12-28,0.479115,NEUTRAL
2023-12-29,0.484848,NEUTRAL
2024-01-02,0.489762,NEUTRAL
2024-01-03,0.499590,NEUTRAL
2024-01-04,0.508600,NEUTRAL
2024-01-05,0.506143,NEUTRAL
2024-01-08,0.502867,NEUTRAL
2024-01-09,0.505324,NEUTRAL
2024-01-10,0.497952,NEUTRAL
2024-01-11,0.502048,NEUTRAL
2024-01-12,0.487305,NEUTRAL
2024-01-15,0.492219,NEUTRAL
2024-01-16,0.488124,NEUTRAL
2024-01-17,0.493857,NEUTRAL
2024-01-18,0.497133,NEUTRAL
2024-01-19,0.498771,NEUTRAL
2024-01-22,0.494676,NEUTRAL
2024-01-23,0.495495,NEUTRAL
2024-01-24,0.485667,NEUTRAL
2024-01-25,0.481572,NEUTRAL
2024-01-26,0.490581,NEUTRAL
2024-01-29,0.479115,NEUTRAL
2024-01-30,0.493038,NEUTRAL
2024-01-31,0.487305,NEUTRAL
2024-02-01,0.480753,NEUTRAL
2024-02-02,0.479934,NEUTRAL
2024-02-05,0.477477,NEUTRAL
2024-02-06,0.481572,NEUTRAL
2024-02-07,0.492219,NEUTRAL
2024-02-15,0.509820,NEUTRAL
2024-02-16,0.514730,NEUTRAL
2024-02-19,0.527005,NEUTRAL
2024-02-20,0.526187,NEUTRAL
2024-02-21,0.530278,NEUTRAL
2024-02-22,0.533552,NEUTRAL
2024-02-23,0.510638,NEUTRAL
2024-02-26,0.516367,NEUTRAL
2024-02-27,0.527823,NEUTRAL
2024-02-28,0.529460,NEUTRAL
2024-02-29,0.531097,NEUTRAL
2024-03-01,0.538462,NEUTRAL
2024-03-04,0.545827,NEUTRAL
2024-03-05,0.551555,NEUTRAL
2024-03-06,0.549100,NEUTRAL
2024-03-07,0.563830,NEUTRAL
2024-03-08,0.550736,NEUTRAL
2024-03-11,0.537643,NEUTRAL
2024-03-12,0.531915,NEUTRAL
2024-03-13,0.551555,NEUTRAL
2024-03-14,0.556010,NEUTRAL
2024-03-15,0.557645,NEUTRAL
2024-03-18,0.540474,NEUTRAL
2024-03-19,0.546198,NEUTRAL
2024-03-20,0.551922,NEUTRAL
2024-03-21,0.564186,NEUTRAL
2024-03-22,0.568275,NEUTRAL
2024-03-25,0.569910,NEUTRAL
2024-03-26,0.577269,NEUTRAL
2024-03-27,0.587081,NEUTRAL
2024-03-28,0.583810,NEUTRAL
2024-03-29,0.582993,NEUTRAL
2024-04-01,0.578087,NEUTRAL
2024-04-02,0.569910,NEUTRAL
2024-04-03,0.575634,NEUTRAL
2024-04-04,0.569092,NEUTRAL
2024-04-05,0.562551,NEUTRAL
2024-04-08,0.544563,NEUTRAL
2024-04-09,0.552739,NEUTRAL
2024-04-10,0.549469,NEUTRAL
2024-04-11,0.541292,NEUTRAL
2024-04-12,0.545752,NEUTRAL
2024-04-15,0.499183,NEUTRAL
2024-04-16,0.474673,NEUTRAL
2024-04-17,0.469771,NEUTRAL
2024-04-19,0.437092,NEUTRAL
2024-04-22,0.456699,NEUTRAL
2024-04-23,0.455882,NEUTRAL
2024-04-24,0.473856,NEUTRAL
2024-04-25,0.465686,NEUTRAL
2024-04-26,0.464052,NEUTRAL
2024-05-02,0.467320,NEUTRAL
2024-05-03,0.470588,NEUTRAL
2024-05-06,0.497549,NEUTRAL
2024-05-07,0.495098,NEUTRAL
2024-05-08,0.511438,NEUTRAL
2024-05-09,0.507353,NEUTRAL
2024-05-10,0.515523,NEUTRAL
2024-05-13,0.524510,NEUTRAL
2024-05-14,0.520425,NEUTRAL
2024-05-15,0.530229,NEUTRAL
2024-05-16,0.535131,NEUTRAL
2024-05-17,0.542484,NEUTRAL
2024-05-20,0.549837,NEUTRAL
2024-05-21,0.558007,NEUTRAL
2024-05-22,0.572712,NEUTRAL
2024-05-23,0.583333,NEUTRAL
2024-05-24,0.566993,NEUTRAL
2024-05-27,0.573529,NEUTRAL
2024-05-28,0.584150,NEUTRAL
2024-05-29,0.602124,RISK_ON
2024-05-30,0.592320,NEUTRAL
2024-05-31,0.596405,NEUTRAL
2024-06-03,0.609796,RISK_ON
2024-06-04,0.613878,RISK_ON
2024-06-05,0.616327,RISK_ON
2024-06-06,0.617959,RISK_ON
2024-06-07,0.624490,RISK_ON
2024-06-10,0.643265,RISK_ON
2024-06-11,0.634286,RISK_ON
2024-06-12,0.642449,RISK_ON
2024-06-13,0.641633,RISK_ON
2024-06-14,0.630204,RISK_ON
2024-06-17,0.624490,RISK_ON
2024-06-18,0.629388,RISK_ON
2024-06-19,0.635102,RISK_ON
2024-06-20,0.634286,RISK_ON
2024-06-21,0.641633,RISK_ON
2024-06-24,0.624490,RISK_ON
2024-06-25,0.626122,RISK_ON
2024-06-26,0.624796,RISK_ON
2024-06-27,0.632953,RISK_ON
2024-06-28,0.613377,RISK_ON
2024-07-01,0.611746,RISK_ON
2024-07-02,0.623980,RISK_ON
2024-07-03,0.627243,RISK_ON
2024-07-04,0.628874,RISK_ON
2024-07-05,0.622349,RISK_ON
2024-07-08,0.634584,RISK_ON
2024-07-09,0.637847,RISK_ON
2024-07-10,0.637847,RISK_ON
2024-07-11,0.636215,RISK_ON
2024-07-12,0.635400,RISK_ON
2024-07-15,0.641109,RISK_ON
2024-07-16,0.645188,RISK_ON
2024-07-17,0.626427,RISK_ON
2024-07-18,0.623980,RISK_ON
2024-07-19,0.603589,RISK_ON
2024-07-22,0.585644,NEUTRAL
2024-07-23,0.562806,NEUTRAL
2024-07-24,0.563622,NEUTRAL
2024-07-25,0.562806,NEUTRAL
2024-07-26,0.579935,NEUTRAL
2024-07-29,0.579119,NEUTRAL
2024-07-30,0.577488,NEUTRAL
2024-07-31,0.571778,NEUTRAL
2024-08-01,0.536705,NEUTRAL
2024-08-02,0.539967,NEUTRAL
2024-08-05,0.486949,NEUTRAL
2024-08-06,0.508972,NEUTRAL
2024-08-07,0.517945,NEUTRAL
2024-08-08,0.504078,NEUTRAL
2024-08-09,0.517522,NEUTRAL
2024-08-12,0.515892,NEUTRAL
2024-08-13,0.509372,NEUTRAL
2024-08-14,0.511817,NEUTRAL
2024-08-15,0.502852,NEUTRAL
2024-08-16,0.533007,NEUTRAL
2024-08-19,0.541972,NEUTRAL
2024-08-20,0.550937,NEUTRAL
2024-08-21,0.543602,NEUTRAL
2024-08-22,0.546862,NEUTRAL
2024-08-23,0.543602,NEUTRAL
2024-08-26,0.537082,NEUTRAL
2024-08-27,0.543602,NEUTRAL
2024-08-28,0.542345,NEUTRAL
2024-08-29,0.537459,NEUTRAL
2024-08-30,0.544788,NEUTRAL
2024-09-04,0.539088,NEUTRAL
2024-09-05,0.532573,NEUTRAL
2024-09-06,0.527687,NEUTRAL
2024-09-09,0.521987,NEUTRAL
2024-09-10,0.514658,NEUTRAL
2024-09-11,0.513844,NEUTRAL
2024-09-12,0.517915,NEUTRAL
2024-09-13,0.513844,NEUTRAL
2024-09-16,0.506515,NEUTRAL
2024-09-17,0.514658,NEUTRAL
2024-09-18,0.525244,NEUTRAL
2024-09-19,0.521173,NEUTRAL
2024-09-20,0.525244,NEUTRAL
2024-09-23,0.518308,NEUTRAL
2024-09-24,0.528072,NEUTRAL
2024-09-25,0.528072,NEUTRAL
2024-09-26,0.527258,NEUTRAL
2024-09-27,0.528072,NEUTRAL
2024-09-30,0.520325,NEUTRAL
2024-10-01,0.521138,NEUTRAL
2024-10-02,0.518699,NEUTRAL
2024-10-03,0.518699,NEUTRAL
2024-10-04,0.504065,NEUTRAL
2024-10-07,0.502439,NEUTRAL
2024-10-08,0.516260,NEUTRAL
2024-10-09,0.510569,NEUTRAL
2024-10-10,0.513008,NEUTRAL
2024-10-11,0.517886,NEUTRAL
2024-10-14,0.506504,NEUTRAL
2024-10-15,0.502031,NEUTRAL
2024-10-16,0.504468,NEUTRAL
2024-10-17,0.500406,NEUTRAL
2024-10-18,0.501219,NEUTRAL
2024-10-21,0.493095,NEUTRAL
2024-10-22,0.477660,NEUTRAL
2024-10-23,0.484159,NEUTRAL
2024-10-24,0.469537,NEUTRAL
2024-10-25,0.467912,NEUTRAL
2024-10-28,0.475223,NEUTRAL
2024-10-29,0.484159,NEUTRAL
2024-10-30,0.472786,NEUTRAL
2024-10-31,0.466721,NEUTRAL
2024-11-01,0.455799,NEUTRAL
2024-11-04,0.435523,NEUTRAL
2024-11-05,0.443633,NEUTRAL
2024-11-06,0.470397,NEUTRAL
2024-11-07,0.467964,NEUTRAL
2024-11-08,0.459854,NEUTRAL
2024-11-11,0.466342,NEUTRAL
2024-11-12,0.465531,NEUTRAL
2024-11-13,0.461476,NEUTRAL
2024-11-14,0.441200,NEUTRAL
2024-11-15,0.416058,NEUTRAL
2024-11-18,0.418491,NEUTRAL
2024-11-19,0.397405,RISK_OFF
2024-11-20,0.408759,NEUTRAL
2024-11-21,0.423358,NEUTRAL
2024-11-22,0.424169,NEUTRAL
2024-11-25,0.423825,NEUTRAL
2024-11-26,0.434360,NEUTRAL
2024-11-27,0.438412,NEUTRAL
2024-11-28,0.440843,NEUTRAL
2024-11-29,0.444895,NEUTRAL
2024-12-02,0.442464,NEUTRAL
2024-12-03,0.441653,NEUTRAL
2024-12-04,0.431929,NEUTRAL
2024-12-05,0.467585,NEUTRAL
2024-12-06,0.467206,NEUTRAL
2024-12-09,0.479352,NEUTRAL
2024-12-10,0.483401,NEUTRAL
2024-12-11,0.477733,NEUTRAL
2024-12-12,0.484211,NEUTRAL
2024-12-13,0.479352,NEUTRAL
2024-12-16,0.473684,NEUTRAL
2024-12-17,0.473684,NEUTRAL
2024-12-18,0.481781,NEUTRAL
2024-12-19,0.478543,NEUTRAL
2024-12-20,0.486640,NEUTRAL
2024-12-23,0.496356,NEUTRAL
2024-12-24,0.495547,NEUTRAL
2024-12-25,0.510931,NEUTRAL
2024-12-26,0.514980,NEUTRAL
2024-12-27,0.516599,NEUTRAL
2024-12-30,0.506073,NEUTRAL
2024-12-31,0.500405,NEUTRAL
2025-01-02,0.511741,NEUTRAL
2025-01-03,0.498785,NEUTRAL
2025-01-06,0.472065,NEUTRAL
2025-01-07,0.479352,NEUTRAL
2025-01-08,0.482591,NEUTRAL
2025-01-09,0.474494,NEUTRAL
2025-01-10,0.465587,NEUTRAL
2025-01-13,0.468016,NEUTRAL
2025-01-14,0.457929,NEUTRAL
2025-01-15,0.472492,NEUTRAL
2025-01-16,0.476537,NEUTRAL
2025-01-17,0.485437,NEUTRAL
2025-01-20,0.486246,NEUTRAL
2025-01-21,0.483819,NEUTRAL
2025-01-22,0.477346,NEUTRAL
2025-01-23,0.491100,NEUTRAL
2025-01-24,0.500000,NEUTRAL
2025-02-03,0.492718,NEUTRAL
2025-02-04,0.513754,NEUTRAL
2025-02-05,0.517799,NEUTRAL
2025-02-06,0.528317,NEUTRAL
2025-02-07,0.546117,NEUTRAL
2025-02-10,0.541262,NEUTRAL
2025-02-11,0.547735,NEUTRAL
2025-02-12,0.542880,NEUTRAL
2025-02-13,0.542880,NEUTRAL
2025-02-14,0.555825,NEUTRAL
2025-02-17,0.561489,NEUTRAL
2025-02-18,0.578479,NEUTRAL
2025-02-19,0.601942,RISK_ON
2025-02-20,0.601133,RISK_ON
2025-02-21,0.593042,NEUTRAL
2025-02-24,0.602751,RISK_ON
2025-02-25,0.603560,RISK_ON
2025-02-26,0.608414,RISK_ON
2025-02-27,0.615696,RISK_ON
2025-02-28,0.617314,RISK_ON
2025-03-03,0.618932,RISK_ON
2025-03-04,0.610841,RISK_ON
2025-03-05,0.597087,NEUTRAL
2025-03-06,0.609223,RISK_ON
2025-03-07,0.614078,RISK_ON
2025-03-10,0.605987,RISK_ON
2025-03-11,0.607605,RISK_ON
2025-03-12,0.601942,RISK_ON
2025-03-13,0.593042,NEUTRAL
2025-03-14,0.580097,NEUTRAL
2025-03-17,0.579288,NEUTRAL
2025-03-18,0.586570,NEUTRAL
2025-03-19,0.584142,NEUTRAL
2025-03-20,0.577670,NEUTRAL
2025-03-21,0.576052,NEUTRAL
2025-03-24,0.558252,NEUTRAL
2025-03-25,0.570388,NEUTRAL
2025-03-26,0.573625,NEUTRAL
2025-03-27,0.571197,NEUTRAL
2025-03-28,0.572006,NEUTRAL
2025-03-31,0.550971,NEUTRAL
2025-04-01,0.567961,NEUTRAL
2025-04-02,0.569579,NEUTRAL
2025-04-03,0.413430,NEUTRAL
2025-04-04,0.392395,RISK_OFF
2025-04-08,0.325243,RISK_OFF
2025-04-09,0.308252,RISK_OFF
2025-04-10,0.403722,NEUTRAL
2025-04-11,0.417947,NEUTRAL
2025-04-14,0.421180,NEUTRAL
2025-04-15,0.413905,NEUTRAL
2025-04-16,0.404204,NEUTRAL
2025-04-17,0.399031,RISK_OFF
2025-04-18,0.420840,NEUTRAL
2025-04-21,0.413570,NEUTRAL
2025-04-22,0.378029,RISK_OFF
2025-04-23,0.410339,NEUTRAL
2025-04-24,0.419225,NEUTRAL
2025-04-25,0.415994,NEUTRAL
2025-04-28,0.420840,NEUTRAL
2025-04-29,0.436995,NEUTRAL
2025-05-05,0.436187,NEUTRAL
2025-05-06,0.443457,NEUTRAL
2025-05-07,0.445880,NEUTRAL
2025-05-08,0.458805,NEUTRAL
2025-05-09,0.459612,NEUTRAL
2025-05-12,0.465267,NEUTRAL
2025-05-13,0.475767,NEUTRAL
2025-05-14,0.478998,NEUTRAL
2025-05-15,0.482229,NEUTRAL
2025-05-16,0.474960,NEUTRAL
2025-05-19,0.475767,NEUTRAL
2025-05-20,0.479806,NEUTRAL
2025-05-21,0.469305,NEUTRAL
2025-05-22,0.464891,NEUTRAL
2025-05-23,0.467312,NEUTRAL
2025-05-26,0.481452,NEUTRAL
2025-05-27,0.498387,NEUTRAL
2025-05-28,0.504032,NEUTRAL
2025-05-29,0.504839,NEUTRAL
2025-05-30,0.498387,NEUTRAL
2025-06-02,0.500403,NEUTRAL
2025-06-03,0.502820,NEUTRAL
2025-06-04,0.510878,NEUTRAL
2025-06-05,0.517325,NEUTRAL
2025-06-06,0.497985,NEUTRAL
2025-06-09,0.485898,NEUTRAL
2025-06-10,0.484287,NEUTRAL
2025-06-11,0.498791,NEUTRAL
2025-06-12,0.504432,NEUTRAL
2025-06-13,0.484287,NEUTRAL
2025-06-16,0.516519,NEUTRAL
2025-06-17,0.517325,NEUTRAL
2025-06-18,0.517325,NEUTRAL
2025-06-19,0.512490,NEUTRAL
2025-06-20,0.522965,NEUTRAL
2025-06-23,0.517713,NEUTRAL
2025-06-24,0.517713,NEUTRAL
2025-06-25,0.524960,NEUTRAL
2025-06-26,0.516103,NEUTRAL
2025-06-27,0.528180,NEUTRAL
2025-06-30,0.530596,NEUTRAL
2025-07-01,0.528986,NEUTRAL
2025-07-02,0.542673,NEUTRAL
2025-07-03,0.537842,NEUTRAL
2025-07-04,0.553140,NEUTRAL
2025-07-07,0.553945,NEUTRAL
2025-07-08,0.582931,NEUTRAL
2025-07-09,0.591787,NEUTRAL
2025-07-10,0.607085,RISK_ON
2025-07-11,0.604670,RISK_ON
2025-07-14,0.607890,RISK_ON
2025-07-15,0.615137,RISK_ON
2025-07-16,0.618357,RISK_ON
2025-07-17,0.629630,RISK_ON
2025-07-18,0.636876,RISK_ON
2025-07-21,0.630435,RISK_ON
2025-07-22,0.639291,RISK_ON
2025-07-23,0.648148,RISK_ON
2025-07-24,0.648953,RISK_ON
2025-07-25,0.655395,RISK_ON
2025-07-28,0.679002,RISK_ON
2025-07-29,0.626710,RISK_ON
2025-07-30,0.633950,RISK_ON
2025-07-31,0.637168,RISK_ON
2025-08-01,0.634755,RISK_ON
2025-08-04,0.636364,RISK_ON
2025-08-05,0.632637,RISK_ON
2025-08-06,0.646302,RISK_ON
2025-08-07,0.653537,RISK_ON
2025-08-08,0.655145,RISK_ON
2025-08-11,0.669880,RISK_ON
2025-08-12,0.676305,RISK_ON
2025-08-13,0.674699,RISK_ON
2025-08-14,0.667470,RISK_ON
2025-08-15,0.657831,RISK_ON
2025-08-18,0.661316,RISK_ON
2025-08-19,0.669342,RISK_ON
2025-08-20,0.652488,RISK_ON
2025-08-21,0.634831,RISK_ON
2025-08-22,0.611557,RISK_ON
2025-08-25,0.609952,RISK_ON
2025-08-26,0.613162,RISK_ON
2025-08-27,0.624398,RISK_ON
2025-08-28,0.623596,RISK_ON
2025-08-29,0.630819,RISK_ON
2025-09-03,0.638332,RISK_ON
2025-09-04,0.642342,RISK_ON
2025-09-05,0.633013,RISK_ON
2025-09-08,0.607372,RISK_ON
2025-09-09,0.612981,RISK_ON
2025-09-10,0.608974,RISK_ON
2025-09-11,0.610577,RISK_ON
2025-09-12,0.619391,RISK_ON
2025-09-15,0.631410,RISK_ON
2025-09-16,0.634615,RISK_ON
2025-09-17,0.630609,RISK_ON
2025-09-18,0.622596,RISK_ON
2025-09-19,0.622596,RISK_ON
2025-09-22,0.607372,RISK_ON
2025-09-23,0.608173,RISK_ON
2025-09-24,0.619391,RISK_ON
2025-09-25,0.616987,RISK_ON
2025-09-26,0.610577,RISK_ON
2025-09-29,0.605769,RISK_ON
2025-09-30,0.596154,NEUTRAL
2025-10-01,0.594551,NEUTRAL
2025-10-02,0.581731,NEUTRAL
2025-10-03,0.580128,NEUTRAL
2025-10-06,0.592949,NEUTRAL
2025-10-07,0.587340,NEUTRAL
2025-10-08,0.591346,NEUTRAL
2025-10-09,0.596154,NEUTRAL
2025-10-10,0.588141,NEUTRAL
2025-10-13,0.577724,NEUTRAL
2025-10-14,0.560096,NEUTRAL
2025-10-15,0.548878,NEUTRAL
2025-10-16,0.549679,NEUTRAL
2025-10-17,0.538030,NEUTRAL
2025-10-20,0.476381,NEUTRAL
2025-10-21,0.485188,NEUTRAL
2025-10-22,0.496397,NEUTRAL
2025-10-23,0.494796,NEUTRAL
2025-10-24,0.490793,NEUTRAL
2025-10-27,0.502802,NEUTRAL
2025-10-28,0.513211,NEUTRAL
2025-10-29,0.534027,NEUTRAL
2025-10-30,0.527622,NEUTRAL
2025-10-31,0.526021,NEUTRAL
2025-11-03,0.519616,NEUTRAL
2025-11-04,0.522018,NEUTRAL
2025-11-05,0.515200,NEUTRAL
2025-11-06,0.516800,NEUTRAL
2025-11-07,0.496000,NEUTRAL
2025-11-10,0.482400,NEUTRAL
2025-11-11,0.490400,NEUTRAL
2025-11-12,0.506400,NEUTRAL
2025-11-13,0.514400,NEUTRAL
2025-11-14,0.513600,NEUTRAL
2025-11-17,0.528000,NEUTRAL
2025-11-18,0.526400,NEUTRAL
2025-11-19,0.521600,NEUTRAL
2025-11-20,0.528000,NEUTRAL
2025-11-21,0.520000,NEUTRAL
2025-11-24,0.510400,NEUTRAL
2025-11-25,0.496000,NEUTRAL
2025-11-26,0.508000,NEUTRAL
2025-11-27,0.512000,NEUTRAL
2025-11-28,0.503200,NEUTRAL
2025-12-01,0.500800,NEUTRAL
2025-12-02,0.508000,NEUTRAL
2025-12-03,0.516800,NEUTRAL
2025-12-04,0.533600,NEUTRAL
2025-12-05,0.527200,NEUTRAL
2025-12-08,0.524000,NEUTRAL
2025-12-09,0.504396,NEUTRAL
2025-12-10,0.504792,NEUTRAL
2025-12-11,0.501597,NEUTRAL
2025-12-12,0.457668,NEUTRAL
2025-12-15,0.465655,NEUTRAL
2025-12-16,0.483227,NEUTRAL
2025-12-17,0.468850,NEUTRAL
2025-12-18,0.464856,NEUTRAL
2025-12-19,0.483227,NEUTRAL
2025-12-22,0.491214,NEUTRAL
2025-12-23,0.488019,NEUTRAL
2025-12-24,0.492013,NEUTRAL
2025-12-25,0.474441,NEUTRAL
2025-12-26,0.472843,NEUTRAL
2025-12-29,0.479233,NEUTRAL
2025-12-30,0.479233,NEUTRAL
2025-12-31,0.479233,NEUTRAL
2026-01-05,0.458466,NEUTRAL
2026-01-06,0.461293,NEUTRAL
2026-01-07,0.486034,NEUTRAL
2026-01-08,0.491620,NEUTRAL
2026-01-09,0.483639,NEUTRAL
2026-01-12,0.504389,NEUTRAL
2026-01-13,0.505986,NEUTRAL
2026-01-14,0.524342,NEUTRAL
2026-01-15,0.531524,NEUTRAL
2026-01-16,0.545890,NEUTRAL
2026-01-19,0.559457,NEUTRAL
2026-01-20,0.546688,NEUTRAL
2026-01-21,0.538707,NEUTRAL
2026-01-22,0.547486,NEUTRAL
2026-01-23,0.528332,NEUTRAL
2026-01-26,0.491228,NEUTRAL
2026-01-27,0.496013,NEUTRAL
2026-01-28,0.494418,NEUTRAL
2026-01-29,0.502789,NEUTRAL
2026-01-30,0.512351,NEUTRAL
2026-02-02,0.501992,NEUTRAL
2026-02-03,0.514741,NEUTRAL
2026-02-04,0.509163,NEUTRAL
2026-02-05,0.497211,NEUTRAL
2026-02-06,0.462151,NEUTRAL
2026-02-09,0.457371,NEUTRAL
2026-02-10,0.450996,NEUTRAL
2026-02-11,0.470916,NEUTRAL
2026-02-12,0.478088,NEUTRAL
2026-02-13,0.488446,NEUTRAL
2026-02-23,0.514741,NEUTRAL
2026-02-24,0.517928,NEUTRAL
2026-02-25,0.521912,NEUTRAL
2026-02-26,0.513147,NEUTRAL
2026-02-27,0.506773,NEUTRAL
2026-03-02,0.490837,NEUTRAL
2026-03-03,0.495618,NEUTRAL
2026-03-04,0.478884,NEUTRAL
2026-03-05,0.477291,NEUTRAL
2026-03-06,0.457371,NEUTRAL
2026-03-09,0.352191,RISK_OFF
2026-03-10,0.392032,RISK_OFF
2026-03-11,0.421514,NEUTRAL
2026-03-12,0.414343,NEUTRAL
2026-03-13,0.423108,NEUTRAL
2026-03-16,0.425498,NEUTRAL
2026-03-17,0.434263,NEUTRAL
2026-03-18,0.437450,NEUTRAL
2026-03-19,0.420382,NEUTRAL
2026-03-20,0.408439,NEUTRAL
2026-03-23,0.374204,RISK_OFF
2026-03-24,0.375796,RISK_OFF
2026-03-25,0.400478,NEUTRAL
2026-03-26,0.392516,RISK_OFF
2026-03-27,0.398089,RISK_OFF
2026-03-30,0.398089,RISK_OFF
2026-03-31,0.400478,NEUTRAL
2026-04-01,0.414013,NEUTRAL
2026-04-02,0.404932,NEUTRAL
2026-04-03,0.388226,RISK_OFF
2026-04-06,0.374702,RISK_OFF
2026-04-07,0.381558,RISK_OFF
2026-04-08,0.422099,NEUTRAL
2026-04-09,0.413355,NEUTRAL
2026-04-10,0.416534,NEUTRAL
2026-04-13,0.418919,NEUTRAL
2026-04-14,0.414149,NEUTRAL
2026-04-15,0.409380,NEUTRAL
2026-04-16,0.406995,NEUTRAL
2026-04-17,0.412560,NEUTRAL
2026-04-20,0.419714,NEUTRAL
2026-04-21,0.405405,NEUTRAL
2026-04-22,0.404610,NEUTRAL
2026-04-23,0.392687,RISK_OFF
2026-04-24,0.387122,RISK_OFF
2026-04-28,0.387122,RISK_OFF
2026-04-29,0.391097,RISK_OFF
2026-05-04,0.399841,RISK_OFF
2026-05-05,0.395866,RISK_OFF
2026-05-06,0.391097,RISK_OFF
2026-05-07,0.391097,RISK_OFF
2026-05-08,0.391097,RISK_OFF
2026-05-11,0.383943,RISK_OFF
2026-05-12,0.387917,RISK_OFF
2026-05-13,0.384738,RISK_OFF
2026-05-14,0.390302,RISK_OFF
2026-05-15,0.388712,RISK_OFF
2026-05-18,0.384738,RISK_OFF
2026-05-19,0.373609,RISK_OFF
2026-05-20,0.364865,RISK_OFF
2026-05-21,0.368839,RISK_OFF
2026-05-22,0.364865,RISK_OFF
2026-05-25,0.360890,RISK_OFF
2026-05-26,0.364070,RISK_OFF
2026-05-27,0.355326,RISK_OFF
2026-05-28,0.357711,RISK_OFF
2026-05-29,0.361685,RISK_OFF
2026-06-01,0.359015,RISK_OFF
2026-06-02,0.357427,RISK_OFF
2026-06-03,0.362192,RISK_OFF
2026-06-04,0.366958,RISK_OFF
2026-06-05,0.359015,RISK_OFF
2026-06-08,0.343129,RISK_OFF
2026-06-09,0.342335,RISK_OFF
2026-06-10,0.347895,RISK_OFF
2026-06-11,0.344718,RISK_OFF
2026-06-12,0.347101,RISK_OFF
2026-06-15,0.358221,RISK_OFF
2026-06-16,0.364575,RISK_OFF
2026-06-17,0.372518,RISK_OFF
2026-06-18,0.370135,RISK_OFF
2026-06-19,0.366164,RISK_OFF
2026-06-22,0.372518,RISK_OFF
2026-06-23,0.359809,RISK_OFF
2026-06-24,0.361398,RISK_OFF
2026-06-25,0.357427,RISK_OFF
2026-06-26,0.364575,RISK_OFF
2026-06-29,0.370929,RISK_OFF
2026-06-30,0.370135,RISK_OFF
2026-07-01,0.370135,RISK_OFF
2026-07-02,0.374901,RISK_OFF
2026-07-03,0.374106,RISK_OFF
2026-07-06,0.354249,RISK_OFF
2026-07-07,0.360604,RISK_OFF
2026-07-08,0.361398,RISK_OFF
2026-07-09,0.354249,RISK_OFF
2026-07-10,0.355838,RISK_OFF
2026-07-13,0.339158,RISK_OFF
2026-07-14,0.339158,RISK_OFF
2026-07-15,0.334392,RISK_OFF
2026-07-16,0.328832,RISK_OFF
2026-07-17,0.328038,RISK_OFF
2026-07-20,0.312947,RISK_OFF
2026-07-21,0.307387,RISK_OFF
2026-07-22,0.295473,RISK_OFF
2026-07-23,0.303415,RISK_OFF
2026-07-24,0.291501,RISK_OFF
2026-07-27,0.288324,RISK_OFF
2026-07-28,0.288324,RISK_OFF
2026-07-29,0.288324,RISK_OFF
2026-07-30,0.297061,RISK_OFF
2026-07-31,0.298650,RISK_OFF
2026-08-03,0.308181,RISK_OFF
2026-08-04,0.307387,RISK_OFF
2026-08-05,0.313741,RISK_OFF
2026-08-06,0.314535,RISK_OFF
2026-08-07,0.321684,RISK_OFF
2026-08-10,0.329365,RISK_OFF
2026-08-11,0.331746,RISK_OFF
2026-08-12,0.329365,RISK_OFF
2026-08-13,0.327778,RISK_OFF
2026-08-14,0.323810,RISK_OFF
2026-08-17,0.330952,RISK_OFF
2026-08-18,0.323810,RISK_OFF
2026-08-19,0.319841,RISK_OFF
2026-08-20,0.330159,RISK_OFF
2026-08-21,0.333333,RISK_OFF
2026-08-24,0.324603,RISK_OFF
2026-08-25,0.324603,RISK_OFF
2026-08-26,0.325397,RISK_OFF
2026-08-27,0.333333,RISK_OFF
2026-08-28,0.330159,RISK_OFF
