year,month,entry_date,exit_date,entry_close,exit_close,mom_r_lookback,pos,legs,fee,days,funding,price_ret,ret_gross,ret_net
1971,1,,1971-01-29,,357.720000,0.000000,0,0,0.000000,0,0.000000,0.000000,0.000000,0.000000
1971,2,1971-01-29,1971-02-26,357.720000,357.560000,0.000000,0,0,0.000000,28,0.000000,-0.000447,0.000000,0.000000
1971,3,1971-02-26,1971-03-31,357.560000,357.420000,0.000000,0,0,0.000000,33,0.000000,-0.000392,0.000000,0.000000
1971,4,1971-03-31,1971-04-30,357.420000,357.400000,0.000000,0,0,0.000000,30,0.000000,-0.000056,0.000000,0.000000
1971,5,1971-04-30,1971-05-28,357.400000,357.400000,0.000000,0,0,0.000000,28,0.000000,0.000000,0.000000,0.000000
1971,6,1971-05-28,1971-06-30,357.400000,357.400000,0.000000,0,0,0.000000,33,0.000000,0.000000,0.000000,0.000000
1971,7,1971-06-30,1971-07-30,357.400000,357.390000,0.000000,0,0,0.000000,30,0.000000,-0.000028,0.000000,0.000000
1971,8,1971-07-30,1971-08-31,357.390000,339.850000,0.000000,0,0,0.000000,32,0.000000,-0.049078,0.000000,0.000000
1971,9,1971-08-31,1971-09-30,339.850000,335.350000,0.000000,0,0,0.000000,30,0.000000,-0.013241,0.000000,0.000000
1971,10,1971-09-30,1971-10-29,335.350000,329.500000,0.000000,0,0,0.000000,29,0.000000,-0.017444,0.000000,0.000000
1971,11,1971-10-29,1971-11-30,329.500000,327.440000,0.000000,0,0,0.000000,32,0.000000,-0.006252,0.000000,0.000000
1971,12,1971-11-30,1971-12-31,327.440000,315.010000,0.000000,0,0,0.000000,31,0.000000,-0.037961,0.000000,0.000000
1972,1,1971-12-31,1972-01-31,315.010000,310.560000,0.000000,0,0,0.000000,31,0.000000,-0.014127,0.000000,0.000000
1972,2,1972-01-31,1972-02-29,310.560000,303.400000,-0.133482,-1,1,0.000500,29,0.004640,-0.023055,0.023055,0.017915
1972,3,1972-02-29,1972-03-31,303.400000,304.320000,-0.151400,-1,0,0.000000,31,0.004960,0.003032,-0.003032,-0.007992
1972,4,1972-03-31,1972-04-28,304.320000,304.880000,-0.148898,-1,0,0.000000,28,0.004480,0.001840,-0.001840,-0.006320
1972,5,1972-04-28,1972-05-31,304.880000,304.690000,-0.147284,-1,0,0.000000,33,0.005280,-0.000623,0.000623,-0.004657
1972,6,1972-05-31,1972-06-30,304.690000,300.930000,-0.147577,-1,0,0.000000,30,0.004800,-0.012340,0.012340,0.007540
1972,7,1972-06-30,1972-07-31,300.930000,301.390000,-0.158002,-1,0,0.000000,31,0.004960,0.001529,-0.001529,-0.006489
1972,8,1972-07-31,1972-08-31,301.390000,301.110000,-0.156692,-1,0,0.000000,31,0.004960,-0.000929,0.000929,-0.004031
1972,9,1972-08-31,1972-09-29,301.110000,301.110000,-0.114747,-1,0,0.000000,29,0.004640,0.000000,-0.000000,-0.004640
1972,10,1972-09-29,1972-10-31,301.110000,301.110000,-0.096227,-1,0,0.000000,32,0.005120,0.000000,-0.000000,-0.005120
1972,11,1972-10-31,1972-11-30,301.110000,301.110000,-0.089945,-1,0,0.000000,30,0.004800,0.000000,-0.000000,-0.004800
1972,12,1972-11-30,1972-12-29,301.110000,301.660000,-0.073793,-1,0,0.000000,29,0.004640,0.001827,-0.001827,-0.006467
1973,1,1972-12-29,1973-01-31,301.660000,301.390000,-0.041923,-1,0,0.000000,33,0.005280,-0.000895,0.000895,-0.004385
1973,2,1973-01-31,1973-02-28,301.390000,265.670000,-0.023205,-1,0,0.000000,28,0.004480,-0.118518,0.118518,0.114038
1973,3,1973-02-28,1973-03-30,265.670000,265.960000,-0.124357,-1,0,0.000000,30,0.004800,0.001092,-0.001092,-0.005892
1973,4,1973-03-30,1973-04-30,265.960000,265.530000,-0.124469,-1,0,0.000000,31,0.004960,-0.001617,0.001617,-0.003343
1973,5,1973-04-30,1973-05-31,265.530000,264.690000,-0.129067,-1,0,0.000000,31,0.004960,-0.003163,0.003163,-0.001797
1973,6,1973-05-31,1973-06-29,264.690000,263.160000,-0.131281,-1,0,0.000000,29,0.004640,-0.005780,0.005780,0.001140
1973,7,1973-06-29,1973-07-31,263.160000,263.440000,-0.124988,-1,0,0.000000,32,0.005120,0.001064,-0.001064,-0.006184
1973,8,1973-07-31,1973-08-31,263.440000,265.390000,-0.125917,-1,0,0.000000,31,0.004960,0.007402,-0.007402,-0.012362
1973,9,1973-08-31,1973-09-28,265.390000,265.600000,-0.118628,-1,0,0.000000,28,0.004480,0.000791,-0.000791,-0.005271
1973,10,1973-09-28,1973-10-31,265.600000,266.950000,-0.117930,-1,0,0.000000,33,0.005280,0.005083,-0.005083,-0.010363
1973,11,1973-10-31,1973-11-30,266.950000,280.110000,-0.113447,-1,0,0.000000,30,0.004800,0.049298,-0.049298,-0.054098
1973,12,1973-11-30,1973-12-31,280.110000,280.270000,-0.069742,-1,0,0.000000,31,0.004960,0.000571,-0.000571,-0.005531
1974,1,1973-12-31,1974-01-31,280.270000,298.770000,-0.070908,-1,0,0.000000,31,0.004960,0.066008,-0.066008,-0.070968
1974,2,1974-01-31,1974-02-28,298.770000,288.430000,-0.008693,-1,0,0.000000,28,0.004480,-0.034609,0.034609,0.030129
1974,3,1974-02-28,1974-03-29,288.430000,276.090000,0.085670,1,2,0.001000,29,0.004640,-0.042783,-0.042783,-0.048423
1974,4,1974-03-29,1974-04-30,276.090000,279.640000,0.039222,1,0,0.000000,32,0.005120,0.012858,0.012858,0.007738
1974,5,1974-04-30,1974-05-31,279.640000,281.930000,0.053139,1,0,0.000000,31,0.004960,0.008189,0.008189,0.003229
1974,6,1974-05-31,1974-06-28,281.930000,284.250000,0.065133,1,0,0.000000,28,0.004480,0.008229,0.008229,0.003749
1974,7,1974-06-28,1974-07-31,284.250000,298.240000,0.071913,1,0,0.000000,33,0.005280,0.049217,0.049217,0.043937
1974,8,1974-07-31,1974-08-30,298.240000,302.940000,0.132098,1,0,0.000000,30,0.004800,0.015759,0.015759,0.010959
1974,9,1974-08-30,1974-09-30,302.940000,298.330000,0.141490,1,0,0.000000,31,0.004960,-0.015218,-0.015218,-0.020178
1974,10,1974-09-30,1974-10-31,298.330000,299.940000,0.123230,1,0,0.000000,31,0.004960,0.005397,0.005397,0.000437
1974,11,1974-10-31,1974-11-29,299.940000,300.300000,0.109779,1,0,0.000000,29,0.004640,0.001200,0.001200,-0.003440
1974,12,1974-11-29,1974-12-31,300.300000,301.020000,0.072079,1,0,0.000000,32,0.005120,0.002398,0.002398,-0.002722
1975,1,1974-12-31,1975-01-31,301.020000,297.970000,0.074036,1,0,0.000000,31,0.004960,-0.010132,-0.010132,-0.015092
1975,2,1975-01-31,1975-02-28,297.970000,286.450000,-0.002678,-1,2,0.001000,28,0.004480,-0.038662,0.038662,0.033182
1975,3,1975-02-28,1975-03-31,286.450000,294.030000,-0.006865,-1,0,0.000000,31,0.004960,0.026462,-0.026462,-0.031422
1975,4,1975-03-31,1975-04-30,294.030000,292.230000,0.064979,1,2,0.001000,30,0.004800,-0.006122,-0.006122,-0.011922
1975,5,1975-04-30,1975-05-30,292.230000,291.550000,0.045022,1,0,0.000000,30,0.004800,-0.002327,-0.002327,-0.007127
1975,6,1975-05-30,1975-06-30,291.550000,295.680000,0.037914,1,0,0.000000,31,0.004960,0.014166,0.014166,0.009206
1975,7,1975-06-30,1975-07-31,295.680000,297.710000,0.040211,1,0,0.000000,31,0.004960,0.006866,0.006866,0.001906
1975,8,1975-07-31,1975-08-29,297.710000,297.970000,-0.001777,-1,2,0.001000,29,0.004640,0.000873,-0.000873,-0.006513
1975,9,1975-08-29,1975-09-30,297.970000,302.850000,-0.016406,-1,0,0.000000,32,0.005120,0.016377,-0.016377,-0.021497
1975,10,1975-09-30,1975-10-31,302.850000,301.750000,0.015151,1,2,0.001000,31,0.004960,-0.003632,-0.003632,-0.009592
1975,11,1975-10-31,1975-11-28,301.750000,303.120000,0.006035,1,0,0.000000,28,0.004480,0.004540,0.004540,0.000060
1975,12,1975-11-28,1975-12-31,303.120000,305.160000,0.010905,1,0,0.000000,33,0.005280,0.006730,0.006730,0.001450
1976,1,1975-12-31,1976-01-30,305.160000,303.670000,0.013753,1,0,0.000000,30,0.004800,-0.004883,-0.004883,-0.009683
1976,2,1976-01-30,1976-02-27,303.670000,302.110000,0.019711,1,0,0.000000,28,0.004480,-0.005137,-0.005137,-0.009617
1976,3,1976-02-27,1976-03-31,302.110000,299.580000,0.056772,1,0,0.000000,33,0.005280,-0.008374,-0.008374,-0.013654
1976,4,1976-03-31,1976-04-30,299.580000,299.040000,0.029945,1,0,0.000000,30,0.004800,-0.001803,-0.001803,-0.006603
1976,5,1976-04-30,1976-05-28,299.040000,300.030000,0.023619,1,0,0.000000,28,0.004480,0.003311,0.003311,-0.001169
1976,6,1976-05-28,1976-06-30,300.030000,297.970000,0.029086,1,0,0.000000,33,0.005280,-0.006866,-0.006866,-0.012146
1976,7,1976-06-30,1976-07-30,297.970000,293.260000,0.007745,1,0,0.000000,30,0.004800,-0.015807,-0.015807,-0.020607
1976,8,1976-07-30,1976-08-31,293.260000,289.350000,-0.014947,-1,2,0.001000,32,0.005120,-0.013333,0.013333,0.007213
1976,9,1976-08-31,1976-09-30,289.350000,286.860000,-0.028929,-1,0,0.000000,30,0.004800,-0.008605,0.008605,0.003805
1976,10,1976-09-30,1976-10-29,286.860000,294.380000,-0.051922,-1,0,0.000000,29,0.004640,0.026215,-0.026215,-0.030855
1976,11,1976-10-29,1976-11-30,294.380000,297.090000,-0.024133,-1,0,0.000000,32,0.005120,0.009206,-0.009206,-0.014326
1976,12,1976-11-30,1976-12-31,297.090000,293.080000,-0.024047,-1,0,0.000000,31,0.004960,-0.013498,0.013498,0.008538
1977,1,1976-12-31,1977-01-31,293.080000,288.430000,-0.039586,-1,0,0.000000,31,0.004960,-0.015866,0.015866,0.010906
1977,2,1977-01-31,1977-02-28,288.430000,282.810000,-0.047331,-1,0,0.000000,28,0.004480,-0.019485,0.019485,0.015005
1977,3,1977-02-28,1977-03-31,282.810000,277.550000,-0.062208,-1,0,0.000000,31,0.004960,-0.018599,0.018599,0.013639
1977,4,1977-03-31,1977-04-29,277.550000,277.780000,-0.072701,-1,0,0.000000,29,0.004640,0.000829,-0.000829,-0.005469
1977,5,1977-04-29,1977-05-31,277.780000,277.280000,-0.067508,-1,0,0.000000,32,0.005120,-0.001800,0.001800,-0.003320
1977,6,1977-05-31,1977-06-30,277.280000,267.590000,-0.077210,-1,0,0.000000,30,0.004800,-0.034947,0.034947,0.030147
1977,7,1977-06-30,1977-07-29,267.590000,266.810000,-0.097139,-1,0,0.000000,29,0.004640,-0.002915,0.002915,-0.001725
1977,8,1977-07-29,1977-08-31,266.810000,267.500000,-0.089106,-1,0,0.000000,33,0.005280,0.002586,-0.002586,-0.007866
1977,9,1977-08-31,1977-09-30,267.500000,263.710000,-0.073368,-1,0,0.000000,30,0.004800,-0.014168,0.014168,0.009368
1977,10,1977-09-30,1977-10-31,263.710000,249.130000,-0.082013,-1,0,0.000000,31,0.004960,-0.055288,0.055288,0.050328
1977,11,1977-10-31,1977-11-30,249.130000,244.020000,-0.155949,-1,0,0.000000,30,0.004800,-0.020511,0.020511,0.015711
1977,12,1977-11-30,1977-12-30,244.020000,239.980000,-0.177886,-1,0,0.000000,30,0.004800,-0.016556,0.016556,0.011756
1978,1,1977-12-30,1978-01-31,239.980000,241.600000,-0.181179,-1,0,0.000000,32,0.005120,0.006751,-0.006751,-0.011871
1978,2,1978-01-31,1978-02-28,241.600000,238.100000,-0.162362,-1,0,0.000000,28,0.004480,-0.014487,0.014487,0.010007
1978,3,1978-02-28,1978-03-31,238.100000,229.890000,-0.155704,-1,0,0.000000,31,0.004960,-0.034481,0.034481,0.029521
1978,4,1978-03-31,1978-04-28,229.890000,224.970000,-0.170791,-1,0,0.000000,28,0.004480,-0.021402,0.021402,0.016922
1978,5,1978-04-28,1978-05-31,224.970000,221.340000,-0.190785,-1,0,0.000000,33,0.005280,-0.016135,0.016135,0.010855
1978,6,1978-05-31,1978-06-30,221.340000,203.710000,-0.201746,-1,0,0.000000,30,0.004800,-0.079651,0.079651,0.074851
1978,7,1978-06-30,1978-07-31,203.710000,189.140000,-0.238325,-1,0,0.000000,31,0.004960,-0.071523,0.071523,0.066563
1978,8,1978-07-31,1978-08-31,189.140000,190.510000,-0.291106,-1,0,0.000000,31,0.004960,0.007243,-0.007243,-0.012203
1978,9,1978-08-31,1978-09-29,190.510000,189.190000,-0.287813,-1,0,0.000000,29,0.004640,-0.006929,0.006929,0.002289
1978,10,1978-09-29,1978-10-31,189.190000,179.500000,-0.286372,-1,0,0.000000,32,0.005120,-0.051218,0.051218,0.046098
1978,11,1978-10-31,1978-11-30,179.500000,199.100000,-0.279493,-1,0,0.000000,30,0.004800,0.109192,-0.109192,-0.113992
1978,12,1978-11-30,1978-12-29,199.100000,194.300000,-0.180894,-1,0,0.000000,29,0.004640,-0.024108,0.024108,0.019468
1979,1,1978-12-29,1979-01-31,194.300000,202.200000,-0.190349,-1,0,0.000000,33,0.005280,0.040659,-0.040659,-0.045939
1979,2,1979-01-31,1979-02-28,202.200000,202.650000,-0.163079,-1,0,0.000000,28,0.004480,0.002226,-0.002226,-0.006706
1979,3,1979-02-28,1979-03-30,202.650000,209.580000,-0.149494,-1,0,0.000000,30,0.004800,0.034197,-0.034197,-0.038997
1979,4,1979-03-30,1979-04-30,209.580000,221.800000,-0.088347,-1,0,0.000000,31,0.004960,0.058307,-0.058307,-0.063267
1979,5,1979-04-30,1979-05-31,221.800000,220.350000,-0.017628,-1,0,0.000000,31,0.004960,-0.006537,0.006537,0.001577
1979,6,1979-05-31,1979-06-29,220.350000,217.800000,-0.005237,-1,0,0.000000,29,0.004640,-0.011572,0.011572,0.006932
1979,7,1979-06-29,1979-07-31,217.800000,216.700000,0.069167,1,2,0.001000,32,0.005120,-0.005051,-0.005051,-0.011171
1979,8,1979-07-31,1979-08-31,216.700000,220.400000,0.161494,1,0,0.000000,31,0.004960,0.017074,0.017074,0.012114
1979,9,1979-08-31,1979-09-28,220.400000,224.500000,0.155136,1,0,0.000000,28,0.004480,0.018603,0.018603,0.014123
1979,10,1979-09-28,1979-10-31,224.500000,237.850000,0.186638,1,0,0.000000,33,0.005280,0.059465,0.059465,0.054185
1979,11,1979-10-31,1979-11-30,237.850000,249.550000,0.278763,1,0,0.000000,30,0.004800,0.049191,0.049191,0.044391
1979,12,1979-11-30,1979-12-31,249.550000,240.300000,0.253390,1,0,0.000000,31,0.004960,-0.037067,-0.037067,-0.042027
1980,1,1979-12-31,1980-01-31,240.300000,239.330000,0.236747,1,0,0.000000,31,0.004960,-0.004037,-0.004037,-0.008997
1980,2,1980-01-31,1980-02-29,239.330000,251.650000,0.183630,1,0,0.000000,29,0.004640,0.051477,0.051477,0.046837
1980,3,1980-02-29,1980-03-31,251.650000,249.950000,0.235092,1,0,0.000000,31,0.004960,-0.006755,-0.006755,-0.011715
1980,4,1980-03-31,1980-04-30,249.950000,239.350000,0.192623,1,0,0.000000,30,0.004800,-0.042408,-0.042408,-0.047208
1980,5,1980-04-30,1980-05-30,239.350000,223.000000,0.066622,1,0,0.000000,30,0.004800,-0.068310,-0.068310,-0.073110
1980,6,1980-05-30,1980-06-30,223.000000,219.900000,0.012026,1,0,0.000000,31,0.004960,-0.013901,-0.013901,-0.018861
1980,7,1980-06-30,1980-07-31,219.900000,227.400000,0.009642,1,0,0.000000,31,0.004960,0.034106,0.034106,0.029146
1980,8,1980-07-31,1980-08-29,227.400000,219.100000,0.052534,1,0,0.000000,29,0.004640,-0.036500,-0.036500,-0.041140
1980,9,1980-08-29,1980-09-30,219.100000,210.850000,-0.003865,-1,2,0.001000,32,0.005120,-0.037654,0.037654,0.031534
1980,10,1980-09-30,1980-10-31,210.850000,211.050000,-0.063929,-1,0,0.000000,31,0.004960,0.000949,-0.000949,-0.005909
1980,11,1980-10-31,1980-11-28,211.050000,216.600000,-0.113794,-1,0,0.000000,28,0.004480,0.026297,-0.026297,-0.030777
1980,12,1980-11-28,1980-12-31,216.600000,203.100000,-0.129596,-1,0,0.000000,33,0.005280,-0.062327,0.062327,0.057047
1981,1,1980-12-31,1981-01-30,203.100000,206.700000,-0.148249,-1,0,0.000000,30,0.004800,0.017725,-0.017725,-0.022525
1981,2,1981-01-30,1981-02-27,206.700000,209.700000,-0.136339,-1,0,0.000000,28,0.004480,0.014514,-0.014514,-0.018994
1981,3,1981-02-27,1981-03-31,209.700000,211.250000,-0.155797,-1,0,0.000000,32,0.005120,0.007392,-0.007392,-0.012512
1981,4,1981-03-31,1981-04-30,211.250000,215.780000,-0.154831,-1,0,0.000000,30,0.004800,0.021444,-0.021444,-0.026244
1981,5,1981-04-30,1981-05-29,215.780000,223.900000,-0.098475,-1,0,0.000000,29,0.004640,0.037631,-0.037631,-0.042271
1981,6,1981-05-29,1981-06-30,223.900000,226.850000,0.000447,1,2,0.001000,32,0.005120,0.013176,0.013176,0.007056
1981,7,1981-06-30,1981-07-31,226.850000,240.400000,0.031605,1,0,0.000000,31,0.004960,0.059731,0.059731,0.054771
1981,8,1981-07-31,1981-08-31,240.400000,230.500000,0.059031,1,0,0.000000,31,0.004960,-0.041181,-0.041181,-0.046141
1981,9,1981-08-31,1981-09-30,230.500000,232.300000,0.067476,1,0,0.000000,30,0.004800,0.007809,0.007809,0.003009
1981,10,1981-09-30,1981-10-30,232.300000,232.800000,0.114149,1,0,0.000000,30,0.004800,0.002152,0.002152,-0.002648
1981,11,1981-10-30,1981-11-30,232.800000,214.200000,0.103056,1,0,0.000000,31,0.004960,-0.079897,-0.079897,-0.084857
1981,12,1981-11-30,1981-12-31,214.200000,219.800000,-0.016755,-1,2,0.001000,31,0.004960,0.026144,-0.026144,-0.032104
1982,1,1981-12-31,1982-01-29,219.800000,228.300000,0.085432,1,2,0.001000,29,0.004640,0.038672,0.038672,0.033032
1982,2,1982-01-29,1982-02-26,228.300000,237.250000,0.104499,1,0,0.000000,28,0.004480,0.039203,0.039203,0.034723
1982,3,1982-02-26,1982-03-31,237.250000,248.250000,0.131378,1,0,0.000000,33,0.005280,0.046365,0.046365,0.041085
1982,4,1982-03-31,1982-04-30,248.250000,235.850000,0.168785,1,0,0.000000,30,0.004800,-0.049950,-0.049950,-0.054750
1982,5,1982-04-30,1982-05-28,235.850000,243.300000,0.093163,1,0,0.000000,28,0.004480,0.031588,0.031588,0.027108
1982,6,1982-05-28,1982-06-30,243.300000,255.000000,0.093483,1,0,0.000000,33,0.005280,0.048089,0.048089,0.042809
1982,7,1982-06-30,1982-07-30,255.000000,258.100000,0.117196,1,0,0.000000,30,0.004800,0.012157,0.012157,0.007357
1982,8,1982-07-30,1982-08-31,258.100000,261.100000,0.080821,1,0,0.000000,32,0.005120,0.011623,0.011623,0.006503
1982,9,1982-08-31,1982-09-30,261.100000,268.300000,0.132755,1,0,0.000000,30,0.004800,0.027576,0.027576,0.022776
1982,10,1982-09-30,1982-10-29,268.300000,277.100000,0.154972,1,0,0.000000,29,0.004640,0.032799,0.032799,0.028159
1982,11,1982-10-29,1982-11-30,277.100000,249.200000,0.182419,1,0,0.000000,32,0.005120,-0.100686,-0.100686,-0.105806
1982,12,1982-11-30,1982-12-31,249.200000,234.700000,0.163399,1,0,0.000000,31,0.004960,-0.058186,-0.058186,-0.063146
1983,1,1982-12-31,1983-01-31,234.700000,239.850000,0.072914,1,0,0.000000,31,0.004960,0.021943,0.021943,0.016983
1983,2,1983-01-31,1983-02-28,239.850000,237.850000,0.028296,1,0,0.000000,28,0.004480,-0.008339,-0.008339,-0.012819
1983,3,1983-02-28,1983-03-31,237.850000,239.000000,0.005283,1,0,0.000000,31,0.004960,0.004835,0.004835,-0.000125
1983,4,1983-03-31,1983-04-29,239.000000,238.300000,-0.037842,-1,2,0.001000,29,0.004640,-0.002929,0.002929,-0.002711
1983,5,1983-04-29,1983-05-31,238.300000,238.850000,0.003157,1,2,0.001000,32,0.005120,0.002308,0.002308,-0.003812
1983,6,1983-05-31,1983-06-30,238.850000,239.280000,-0.017887,-1,2,0.001000,30,0.004800,0.001800,-0.001800,-0.007600
1983,7,1983-06-30,1983-07-29,239.280000,241.750000,-0.071478,-1,0,0.000000,29,0.004640,0.010323,-0.010323,-0.014963
1983,8,1983-07-29,1983-08-31,241.750000,246.450000,-0.062439,-1,0,0.000000,33,0.005280,0.019442,-0.019442,-0.024722
1983,9,1983-08-31,1983-09-30,246.450000,235.650000,-0.044026,-1,0,0.000000,30,0.004800,-0.043822,0.043822,0.039022
1983,10,1983-09-30,1983-10-31,235.650000,234.050000,-0.139335,-1,0,0.000000,31,0.004960,-0.006790,0.006790,0.001830
1983,11,1983-10-31,1983-11-30,234.050000,232.500000,-0.157032,-1,0,0.000000,30,0.004800,-0.006623,0.006623,0.001823
1983,12,1983-11-30,1983-12-30,232.500000,231.700000,-0.057178,-1,0,0.000000,30,0.004800,-0.003441,0.003441,-0.001359
1984,1,1983-12-30,1984-01-31,231.700000,234.670000,-0.001293,-1,0,0.000000,32,0.005120,0.012818,-0.012818,-0.017938
1984,2,1984-01-31,1984-02-29,234.670000,233.430000,-0.019758,-1,0,0.000000,29,0.004640,-0.005284,0.005284,0.000644
1984,3,1984-02-29,1984-03-30,233.430000,224.750000,-0.023305,-1,0,0.000000,30,0.004800,-0.037185,0.037185,0.032385
1984,4,1984-03-30,1984-04-30,224.750000,227.000000,-0.059623,-1,0,0.000000,31,0.004960,0.010011,-0.010011,-0.014971
1984,5,1984-04-30,1984-05-31,227.000000,231.580000,-0.047419,-1,0,0.000000,31,0.004960,0.020176,-0.020176,-0.025136
1984,6,1984-05-31,1984-06-29,231.580000,237.300000,-0.034480,-1,0,0.000000,29,0.004640,0.024700,-0.024700,-0.029340
1984,7,1984-06-29,1984-07-31,237.300000,245.300000,-0.008275,-1,0,0.000000,32,0.005120,0.033713,-0.033713,-0.038833
1984,8,1984-07-31,1984-08-31,245.300000,241.900000,0.006565,1,2,0.001000,31,0.004960,-0.013861,-0.013861,-0.019821
1984,9,1984-08-31,1984-09-28,241.900000,246.900000,-0.018661,-1,2,0.001000,28,0.004480,0.020670,-0.020670,-0.026150
1984,10,1984-09-28,1984-10-31,246.900000,245.700000,0.042652,1,2,0.001000,33,0.005280,-0.004860,-0.004860,-0.011140
1984,11,1984-10-31,1984-11-30,245.700000,247.500000,0.046556,1,0,0.000000,30,0.004800,0.007326,0.007326,0.002526
1984,12,1984-11-30,1984-12-31,247.500000,251.600000,0.064379,1,0,0.000000,31,0.004960,0.016566,0.016566,0.011606
1985,1,1984-12-31,1985-01-31,251.600000,254.800000,0.085887,1,0,0.000000,31,0.004960,0.012719,0.012719,0.007759
1985,2,1985-01-31,1985-02-28,254.800000,259.450000,0.085780,1,0,0.000000,28,0.004480,0.018250,0.018250,0.013770
1985,3,1985-02-28,1985-03-29,259.450000,251.000000,0.111040,1,0,0.000000,29,0.004640,-0.032569,-0.032569,-0.037209
1985,4,1985-03-29,1985-04-30,251.000000,251.500000,0.117045,1,0,0.000000,32,0.005120,0.001992,0.001992,-0.003128
1985,5,1985-04-30,1985-05-31,251.500000,251.200000,0.110130,1,0,0.000000,31,0.004960,-0.001193,-0.001193,-0.006153
1985,6,1985-05-31,1985-06-28,251.200000,248.400000,0.085191,1,0,0.000000,28,0.004480,-0.011146,-0.011146,-0.015626
1985,7,1985-06-28,1985-07-31,248.400000,236.450000,0.043697,1,0,0.000000,33,0.005280,-0.048108,-0.048108,-0.053388
1985,8,1985-07-31,1985-08-30,236.450000,239.000000,-0.039016,-1,2,0.001000,30,0.004800,0.010785,-0.010785,-0.016585
1985,9,1985-08-30,1985-09-30,239.000000,216.500000,-0.006650,-1,0,0.000000,31,0.004960,-0.094142,0.094142,0.089182
1985,10,1985-09-30,1985-10-31,216.500000,211.550000,-0.116687,-1,0,0.000000,31,0.004960,-0.022864,0.022864,0.017904
1985,11,1985-10-31,1985-11-29,211.550000,202.100000,-0.138640,-1,0,0.000000,29,0.004640,-0.044670,0.044670,0.040030
1985,12,1985-11-29,1985-12-31,202.100000,200.250000,-0.177787,-1,0,0.000000,32,0.005120,-0.009154,0.009154,0.004034
1986,1,1985-12-31,1986-01-31,200.250000,192.300000,-0.204094,-1,0,0.000000,31,0.004960,-0.039700,0.039700,0.034740
1986,2,1986-01-31,1986-02-28,192.300000,180.550000,-0.245290,-1,0,0.000000,28,0.004480,-0.061102,0.061102,0.056622
1986,3,1986-02-28,1986-03-31,180.550000,177.600000,-0.306510,-1,0,0.000000,31,0.004960,-0.016339,0.016339,0.011379
1986,4,1986-03-31,1986-04-30,177.600000,167.600000,-0.296494,-1,0,0.000000,30,0.004800,-0.056306,0.056306,0.051506
1986,5,1986-04-30,1986-05-30,167.600000,174.500000,-0.336894,-1,0,0.000000,30,0.004800,0.041169,-0.041169,-0.045969
1986,6,1986-05-30,1986-06-30,174.500000,163.800000,-0.305334,-1,0,0.000000,31,0.004960,-0.061318,0.061318,0.056358
1986,7,1986-06-30,1986-07-31,163.800000,153.850000,-0.339383,-1,0,0.000000,31,0.004960,-0.060745,0.060745,0.055785
1986,8,1986-07-31,1986-08-29,153.850000,154.550000,-0.352619,-1,0,0.000000,29,0.004640,0.004550,-0.004550,-0.009190
1986,9,1986-08-29,1986-09-30,154.550000,154.350000,-0.353347,-1,0,0.000000,32,0.005120,-0.001294,0.001294,-0.003826
1986,10,1986-09-30,1986-10-31,154.350000,163.400000,-0.282093,-1,0,0.000000,31,0.004960,0.058633,-0.058633,-0.063593
1986,11,1986-10-31,1986-11-28,163.400000,162.050000,-0.218182,-1,0,0.000000,28,0.004480,-0.008262,0.008262,0.003782
1986,12,1986-11-28,1986-12-31,162.050000,158.300000,-0.198169,-1,0,0.000000,33,0.005280,-0.023141,0.023141,0.017861
1987,1,1986-12-31,1987-01-30,158.300000,153.650000,-0.205122,-1,0,0.000000,30,0.004800,-0.029375,0.029375,0.024575
1987,2,1987-01-30,1987-02-27,153.650000,153.270000,-0.200988,-1,0,0.000000,28,0.004480,-0.002473,0.002473,-0.002007
1987,3,1987-02-27,1987-03-31,153.270000,145.680000,-0.151094,-1,0,0.000000,32,0.005120,-0.049520,0.049520,0.044400
1987,4,1987-03-31,1987-04-30,145.680000,140.670000,-0.182262,-1,0,0.000000,30,0.004800,-0.034390,0.034390,0.029590
1987,5,1987-04-30,1987-05-29,140.670000,144.100000,-0.170822,-1,0,0.000000,29,0.004640,0.024383,-0.024383,-0.029023
1987,6,1987-05-29,1987-06-30,144.100000,146.800000,-0.174212,-1,0,0.000000,32,0.005120,0.018737,-0.018737,-0.023857
1987,7,1987-06-30,1987-07-31,146.800000,149.900000,-0.097726,-1,0,0.000000,31,0.004960,0.021117,-0.021117,-0.026077
1987,8,1987-07-31,1987-08-31,149.900000,141.750000,-0.026623,-1,0,0.000000,31,0.004960,-0.054370,0.054370,0.049410
1987,9,1987-08-31,1987-09-30,141.750000,146.500000,-0.083710,-1,0,0.000000,30,0.004800,0.033510,-0.033510,-0.038310
1987,10,1987-09-30,1987-10-30,146.500000,138.400000,-0.048207,-1,0,0.000000,30,0.004800,-0.055290,0.055290,0.050490
1987,11,1987-10-30,1987-11-30,138.400000,132.420000,-0.156098,-1,0,0.000000,31,0.004960,-0.043208,0.043208,0.038248
1987,12,1987-11-30,1987-12-31,132.420000,121.250000,-0.182593,-1,0,0.000000,31,0.004960,-0.084353,0.084353,0.079393
1988,1,1987-12-31,1988-01-29,121.250000,127.750000,-0.239335,-1,0,0.000000,29,0.004640,0.053608,-0.053608,-0.058248
1988,2,1988-01-29,1988-02-29,127.750000,128.450000,-0.162679,-1,0,0.000000,31,0.004960,0.005479,-0.005479,-0.010439
1988,3,1988-02-29,1988-03-31,128.450000,124.100000,-0.164009,-1,0,0.000000,31,0.004960,-0.033865,0.033865,0.028905
1988,4,1988-03-31,1988-04-29,124.100000,124.920000,-0.151163,-1,0,0.000000,29,0.004640,0.006608,-0.006608,-0.011248
1988,5,1988-04-29,1988-05-31,124.920000,125.110000,-0.101941,-1,0,0.000000,32,0.005120,0.001521,-0.001521,-0.006641
1988,6,1988-05-31,1988-06-30,125.110000,133.530000,-0.123880,-1,0,0.000000,30,0.004800,0.067301,-0.067301,-0.072101
1988,7,1988-06-30,1988-07-29,133.530000,133.050000,-0.102742,-1,0,0.000000,29,0.004640,-0.003595,0.003595,-0.001045
1988,8,1988-07-29,1988-08-31,133.050000,136.520000,-0.112408,-1,0,0.000000,33,0.005280,0.026080,-0.026080,-0.031360
1988,9,1988-08-31,1988-09-30,136.520000,133.900000,-0.031979,-1,0,0.000000,30,0.004800,-0.019191,0.019191,0.014391
1988,10,1988-09-30,1988-10-31,133.900000,125.500000,-0.085383,-1,0,0.000000,31,0.004960,-0.062733,0.062733,0.057773
1988,11,1988-10-31,1988-11-30,125.500000,121.900000,-0.083942,-1,0,0.000000,30,0.004800,-0.028685,0.028685,0.023885
1988,12,1988-11-30,1988-12-30,121.900000,125.050000,-0.081387,-1,0,0.000000,30,0.004800,0.025841,-0.025841,-0.030641
1989,1,1988-12-30,1989-01-31,125.050000,130.500000,0.019152,1,2,0.001000,32,0.005120,0.043583,0.043583,0.037463
1989,2,1989-01-31,1989-02-28,130.500000,126.870000,0.017306,1,0,0.000000,28,0.004480,-0.027816,-0.027816,-0.032296
1989,3,1989-02-28,1989-03-31,126.870000,132.770000,-0.010914,-1,2,0.001000,31,0.004960,0.046504,-0.046504,-0.052464
1989,4,1989-03-31,1989-04-28,132.770000,132.850000,0.070726,1,2,0.001000,28,0.004480,0.000603,0.000603,-0.004877
1989,5,1989-04-28,1989-05-31,132.850000,142.330000,0.063481,1,0,0.000000,33,0.005280,0.071359,0.071359,0.066079
1989,6,1989-05-31,1989-06-30,142.330000,144.000000,0.136821,1,0,0.000000,30,0.004800,0.011733,0.011733,0.006933
1989,7,1989-06-30,1989-07-31,144.000000,136.950000,0.073826,1,0,0.000000,31,0.004960,-0.048958,-0.048958,-0.053918
1989,8,1989-07-31,1989-08-31,136.950000,144.600000,0.031250,1,0,0.000000,31,0.004960,0.055860,0.055860,0.050900
1989,9,1989-08-31,1989-09-29,144.600000,139.600000,0.060506,1,0,0.000000,29,0.004640,-0.034578,-0.034578,-0.039218
1989,10,1989-09-29,1989-10-31,139.600000,142.730000,0.042569,1,0,0.000000,32,0.005120,0.022421,0.022421,0.017301
1989,11,1989-10-31,1989-11-30,142.730000,142.910000,0.139106,1,0,0.000000,30,0.004800,0.001261,0.001261,-0.003539
1989,12,1989-11-30,1989-12-29,142.910000,143.800000,0.176504,1,0,0.000000,29,0.004640,0.006228,0.006228,0.001588
1990,1,1989-12-29,1990-01-31,143.800000,144.550000,0.163430,1,0,0.000000,33,0.005280,0.005216,0.005216,-0.000064
1990,2,1990-01-31,1990-02-28,144.550000,148.820000,0.119241,1,0,0.000000,28,0.004480,0.029540,0.029540,0.025060
1990,3,1990-02-28,1990-03-30,148.820000,157.820000,0.163747,1,0,0.000000,30,0.004800,0.060476,0.060476,0.055676
1990,4,1990-03-30,1990-04-30,157.820000,158.850000,0.195153,1,0,0.000000,31,0.004960,0.006526,0.006526,0.001566
1990,5,1990-04-30,1990-05-31,158.850000,152.640000,0.187131,1,0,0.000000,31,0.004960,-0.039093,-0.039093,-0.044053
1990,6,1990-05-31,1990-06-29,152.640000,152.350000,0.076825,1,0,0.000000,29,0.004640,-0.001900,-0.001900,-0.006540
1990,7,1990-06-29,1990-07-31,152.350000,146.130000,0.078584,1,0,0.000000,32,0.005120,-0.040827,-0.040827,-0.045947
1990,8,1990-07-31,1990-08-31,146.130000,143.930000,0.073302,1,0,0.000000,31,0.004960,-0.015055,-0.015055,-0.020015
1990,9,1990-08-31,1990-09-28,143.930000,138.270000,-0.021217,-1,2,0.001000,28,0.004480,-0.039325,0.039325,0.033845
1990,10,1990-09-28,1990-10-31,138.270000,129.950000,-0.008675,-1,0,0.000000,33,0.005280,-0.060172,0.060172,0.054892
1990,11,1990-10-31,1990-11-30,129.950000,133.100000,-0.095685,-1,0,0.000000,30,0.004800,0.024240,-0.024240,-0.029040
1990,12,1990-11-30,1990-12-31,133.100000,135.750000,-0.069881,-1,0,0.000000,31,0.004960,0.019910,-0.019910,-0.024870
1991,1,1990-12-31,1991-01-31,135.750000,131.450000,-0.071795,-1,0,0.000000,31,0.004960,-0.031676,0.031676,0.026716
1991,2,1991-01-31,1991-02-28,131.450000,132.950000,-0.092823,-1,0,0.000000,28,0.004480,0.011411,-0.011411,-0.015891
1991,3,1991-02-28,1991-03-29,132.950000,140.600000,-0.111712,-1,0,0.000000,29,0.004640,0.057540,-0.057540,-0.062180
1991,4,1991-03-29,1991-04-30,140.600000,136.380000,-0.109112,-1,0,0.000000,32,0.005120,-0.030014,0.030014,0.024894
1991,5,1991-04-30,1991-05-31,136.380000,138.450000,-0.141454,-1,0,0.000000,31,0.004960,0.015178,-0.015178,-0.020138
1991,6,1991-05-31,1991-06-28,138.450000,137.900000,-0.085475,-1,0,0.000000,28,0.004480,-0.003973,0.003973,-0.000507
1991,7,1991-06-28,1991-07-31,137.900000,137.420000,-0.094847,-1,0,0.000000,33,0.005280,-0.003481,0.003481,-0.001799
1991,8,1991-07-31,1991-08-30,137.420000,136.850000,-0.066757,-1,0,0.000000,30,0.004800,-0.004148,0.004148,-0.000652
1991,9,1991-08-30,1991-09-30,136.850000,132.850000,-0.049191,-1,0,0.000000,31,0.004960,-0.029229,0.029229,0.024269
1991,10,1991-09-30,1991-10-31,132.850000,130.600000,-0.029584,-1,0,0.000000,31,0.004960,-0.016936,0.016936,0.011976
1991,11,1991-10-31,1991-11-29,130.600000,130.080000,0.000920,1,2,0.001000,29,0.004640,-0.003982,-0.003982,-0.009622
1991,12,1991-11-29,1991-12-31,130.080000,124.900000,-0.022690,-1,2,0.001000,32,0.005120,-0.039822,0.039822,0.033702
1992,1,1991-12-31,1992-01-31,124.900000,125.550000,-0.072065,-1,0,0.000000,31,0.004960,0.005204,-0.005204,-0.010164
1992,2,1992-01-31,1992-02-28,125.550000,129.150000,-0.044884,-1,0,0.000000,28,0.004480,0.028674,-0.028674,-0.033154
1992,3,1992-02-28,1992-03-31,129.150000,132.920000,-0.040134,-1,0,0.000000,32,0.005120,0.029191,-0.029191,-0.034311
1992,4,1992-03-31,1992-04-30,132.920000,133.300000,-0.038901,-1,0,0.000000,30,0.004800,0.002859,-0.002859,-0.007659
1992,5,1992-04-30,1992-05-29,133.300000,127.750000,-0.034757,-1,0,0.000000,29,0.004640,-0.041635,0.041635,0.036995
1992,6,1992-05-29,1992-06-30,127.750000,125.870000,-0.077284,-1,0,0.000000,32,0.005120,-0.014716,0.014716,0.009596
1992,7,1992-06-30,1992-07-31,125.870000,127.350000,-0.093025,-1,0,0.000000,31,0.004960,0.011758,-0.011758,-0.016718
1992,8,1992-07-31,1992-08-31,127.350000,122.950000,-0.068262,-1,0,0.000000,31,0.004960,-0.034550,0.034550,0.029590
1992,9,1992-08-31,1992-09-30,122.950000,120.000000,-0.091279,-1,0,0.000000,30,0.004800,-0.023993,0.023993,0.019193
1992,10,1992-09-30,1992-10-30,120.000000,123.300000,-0.082358,-1,0,0.000000,30,0.004800,0.027500,-0.027500,-0.032300
1992,11,1992-10-30,1992-11-30,123.300000,124.420000,-0.043445,-1,0,0.000000,31,0.004960,0.009084,-0.009084,-0.014044
1992,12,1992-11-30,1992-12-31,124.420000,124.850000,-0.039599,-1,0,0.000000,31,0.004960,0.003456,-0.003456,-0.008416
1993,1,1992-12-31,1993-01-29,124.850000,124.970000,0.006044,1,2,0.001000,29,0.004640,0.000961,0.000961,-0.004679
1993,2,1993-01-29,1993-02-26,124.970000,118.100000,-0.007781,-1,2,0.001000,28,0.004480,-0.054973,0.054973,0.049493
1993,3,1993-02-26,1993-03-31,118.100000,114.900000,-0.088945,-1,0,0.000000,33,0.005280,-0.027096,0.027096,0.021816
1993,4,1993-03-31,1993-04-30,114.900000,111.270000,-0.141448,-1,0,0.000000,30,0.004800,-0.031593,0.031593,0.026793
1993,5,1993-04-30,1993-05-28,111.270000,107.170000,-0.161492,-1,0,0.000000,28,0.004480,-0.036847,0.036847,0.032367
1993,6,1993-05-28,1993-06-30,107.170000,106.800000,-0.159649,-1,0,0.000000,33,0.005280,-0.003452,0.003452,-0.001828
1993,7,1993-06-30,1993-07-30,106.800000,105.050000,-0.142857,-1,0,0.000000,30,0.004800,-0.016386,0.016386,0.011586
1993,8,1993-07-30,1993-08-31,105.050000,104.730000,-0.175108,-1,0,0.000000,32,0.005120,-0.003046,0.003046,-0.002074
1993,9,1993-08-31,1993-09-30,104.730000,106.050000,-0.148190,-1,0,0.000000,30,0.004800,0.012604,-0.012604,-0.017404
1993,10,1993-09-30,1993-10-29,106.050000,108.350000,-0.116250,-1,0,0.000000,29,0.004640,0.021688,-0.021688,-0.026328
1993,11,1993-10-29,1993-11-30,108.350000,109.080000,-0.121249,-1,0,0.000000,32,0.005120,0.006737,-0.006737,-0.011857
1993,12,1993-11-30,1993-12-31,109.080000,111.700000,-0.123151,-1,0,0.000000,31,0.004960,0.024019,-0.024019,-0.028979
1994,1,1993-12-31,1994-01-31,111.700000,108.720000,-0.107186,-1,0,0.000000,31,0.004960,-0.026679,0.026679,0.021719
1994,2,1994-01-31,1994-02-28,108.720000,104.220000,-0.125553,-1,0,0.000000,28,0.004480,-0.041391,0.041391,0.036911
1994,3,1994-02-28,1994-03-31,104.220000,102.400000,-0.111130,-1,0,0.000000,31,0.004960,-0.017463,0.017463,0.012503
1994,4,1994-03-31,1994-04-29,102.400000,102.050000,-0.098592,-1,0,0.000000,29,0.004640,-0.003418,0.003418,-0.001222
1994,5,1994-04-29,1994-05-31,102.050000,104.740000,-0.074796,-1,0,0.000000,32,0.005120,0.026360,-0.026360,-0.031480
1994,6,1994-05-31,1994-06-30,104.740000,98.510000,-0.024767,-1,0,0.000000,30,0.004800,-0.059481,0.059481,0.054681
1994,7,1994-06-30,1994-07-29,98.510000,100.050000,-0.090229,-1,0,0.000000,29,0.004640,0.015633,-0.015633,-0.020273
1994,8,1994-07-29,1994-08-31,100.050000,100.110000,-0.041942,-1,0,0.000000,33,0.005280,0.000600,-0.000600,-0.005880
1994,9,1994-08-31,1994-09-30,100.110000,99.050000,-0.047025,-1,0,0.000000,30,0.004800,-0.010588,0.010588,0.005788
1994,10,1994-09-30,1994-10-31,99.050000,96.900000,-0.061760,-1,0,0.000000,31,0.004960,-0.021706,0.021706,0.016746
1994,11,1994-10-31,1994-11-30,96.900000,98.910000,-0.096925,-1,0,0.000000,30,0.004800,0.020743,-0.020743,-0.025543
1994,12,1994-11-30,1994-12-30,98.910000,99.600000,-0.088051,-1,0,0.000000,30,0.004800,0.006976,-0.006976,-0.011776
1995,1,1994-12-30,1995-01-31,99.600000,99.430000,-0.114667,-1,0,0.000000,32,0.005120,-0.001707,0.001707,-0.003413
1995,2,1995-01-31,1995-02-28,99.430000,96.600000,-0.079778,-1,0,0.000000,28,0.004480,-0.028462,0.028462,0.023982
1995,3,1995-02-28,1995-03-31,96.600000,86.850000,-0.078244,-1,0,0.000000,31,0.004960,-0.100932,0.100932,0.095972
1995,4,1995-03-31,1995-04-28,86.850000,84.040000,-0.162892,-1,0,0.000000,28,0.004480,-0.032355,0.032355,0.027875
1995,5,1995-04-28,1995-05-31,84.040000,84.650000,-0.176482,-1,0,0.000000,33,0.005280,0.007258,-0.007258,-0.012538
1995,6,1995-05-31,1995-06-30,84.650000,84.780000,-0.191500,-1,0,0.000000,30,0.004800,0.001536,-0.001536,-0.006336
1995,7,1995-06-30,1995-07-31,84.780000,88.340000,-0.139377,-1,0,0.000000,31,0.004960,0.041991,-0.041991,-0.046951
1995,8,1995-07-31,1995-08-31,88.340000,97.750000,-0.110820,-1,0,0.000000,31,0.004960,0.106520,-0.106520,-0.111480
1995,9,1995-08-31,1995-09-29,97.750000,99.100000,-0.018870,-1,0,0.000000,29,0.004640,0.013811,-0.013811,-0.018451
1995,10,1995-09-29,1995-10-31,99.100000,102.260000,0.000505,1,2,0.001000,32,0.005120,0.031887,0.031887,0.025767
1995,11,1995-10-31,1995-11-30,102.260000,101.800000,0.056732,1,0,0.000000,30,0.004800,-0.004498,-0.004498,-0.009298
1995,12,1995-11-30,1995-12-29,101.800000,103.280000,0.014045,1,0,0.000000,29,0.004640,0.014538,0.014538,0.009898
1996,1,1995-12-29,1996-01-31,103.280000,106.950000,0.027457,1,0,0.000000,33,0.005280,0.035534,0.035534,0.030254
1996,2,1996-01-31,1996-02-29,106.950000,105.120000,0.074874,1,0,0.000000,29,0.004640,-0.017111,-0.017111,-0.021751
1996,3,1996-02-29,1996-03-29,105.120000,107.000000,0.113559,1,0,0.000000,29,0.004640,0.017884,0.017884,0.013244
1996,4,1996-03-29,1996-04-30,107.000000,104.630000,0.240580,1,0,0.000000,32,0.005120,-0.022150,-0.022150,-0.027270
1996,5,1996-04-30,1996-05-31,104.630000,107.990000,0.253805,1,0,0.000000,31,0.004960,0.032113,0.032113,0.027153
1996,6,1996-05-31,1996-06-28,107.990000,109.480000,0.276025,1,0,0.000000,28,0.004480,0.013798,0.013798,0.009318
1996,7,1996-06-28,1996-07-31,109.480000,106.770000,0.291038,1,0,0.000000,33,0.005280,-0.024753,-0.024753,-0.030033
1996,8,1996-07-31,1996-08-30,106.770000,108.700000,0.180431,1,0,0.000000,30,0.004800,0.018076,0.018076,0.013276
1996,9,1996-08-30,1996-09-30,108.700000,111.650000,0.111793,1,0,0.000000,31,0.004960,0.027139,0.027139,0.022179
1996,10,1996-09-30,1996-10-31,111.650000,113.790000,0.098377,1,0,0.000000,31,0.004960,0.019167,0.019167,0.014207
1996,11,1996-10-31,1996-11-29,113.790000,113.880000,0.095399,1,0,0.000000,29,0.004640,0.000791,0.000791,-0.003849
1996,12,1996-11-29,1996-12-31,113.880000,115.770000,0.125296,1,0,0.000000,32,0.005120,0.016596,0.016596,0.011476
1997,1,1996-12-31,1997-01-31,115.770000,121.250000,0.109439,1,0,0.000000,31,0.004960,0.047335,0.047335,0.042375
1997,2,1997-01-31,1997-02-28,121.250000,120.830000,0.136364,1,0,0.000000,28,0.004480,-0.003464,-0.003464,-0.007944
1997,3,1997-02-28,1997-03-31,120.830000,123.720000,0.143141,1,0,0.000000,31,0.004960,0.023918,0.023918,0.018958
1997,4,1997-03-31,1997-04-30,123.720000,127.030000,0.150563,1,0,0.000000,30,0.004800,0.026754,0.026754,0.021954
1997,5,1997-04-30,1997-05-30,127.030000,116.400000,0.208888,1,0,0.000000,30,0.004800,-0.083681,-0.083681,-0.088481
1997,6,1997-05-30,1997-06-30,116.400000,114.610000,0.077878,1,0,0.000000,31,0.004960,-0.015378,-0.015378,-0.020338
1997,7,1997-06-30,1997-07-31,114.610000,118.370000,0.046093,1,0,0.000000,31,0.004960,0.032807,0.032807,0.027847
1997,8,1997-07-31,1997-08-29,118.370000,120.650000,0.108852,1,0,0.000000,29,0.004640,0.019262,0.019262,0.014622
1997,9,1997-08-29,1997-09-30,120.650000,120.710000,0.109936,1,0,0.000000,32,0.005120,0.000497,0.000497,-0.004623
1997,10,1997-09-30,1997-10-31,120.710000,120.390000,0.083865,1,0,0.000000,31,0.004960,-0.002651,-0.002651,-0.007611
1997,11,1997-10-31,1997-11-28,120.390000,127.740000,0.062765,1,0,0.000000,28,0.004480,0.061052,0.061052,0.056572
1997,12,1997-11-28,1997-12-31,127.740000,130.450000,0.121707,1,0,0.000000,33,0.005280,0.021215,0.021215,0.015935
1998,1,1997-12-31,1998-01-30,130.450000,127.100000,0.129535,1,0,0.000000,30,0.004800,-0.025680,-0.025680,-0.030480
1998,2,1998-01-30,1998-02-27,127.100000,126.120000,0.048247,1,0,0.000000,28,0.004480,-0.007710,-0.007710,-0.012190
1998,3,1998-02-27,1998-03-31,126.120000,133.290000,0.043781,1,0,0.000000,32,0.005120,0.056851,0.056851,0.051731
1998,4,1998-03-31,1998-04-30,133.290000,132.370000,0.086308,1,0,0.000000,30,0.004800,-0.006902,-0.006902,-0.011702
1998,5,1998-04-30,1998-05-29,132.370000,138.500000,0.045246,1,0,0.000000,29,0.004640,0.046310,0.046310,0.041670
1998,6,1998-05-29,1998-06-30,138.500000,138.290000,0.189863,1,0,0.000000,32,0.005120,-0.001516,-0.001516,-0.006636
1998,7,1998-06-30,1998-07-31,138.290000,144.650000,0.203254,1,0,0.000000,31,0.004960,0.045990,0.045990,0.041030
1998,8,1998-07-31,1998-08-31,144.650000,140.900000,0.222326,1,0,0.000000,31,0.004960,-0.025925,-0.025925,-0.030885
1998,9,1998-08-31,1998-09-30,140.900000,136.590000,0.164174,1,0,0.000000,30,0.004800,-0.030589,-0.030589,-0.035389
1998,10,1998-09-30,1998-10-30,136.590000,116.450000,0.121429,1,0,0.000000,30,0.004800,-0.147449,-0.147449,-0.152249
1998,11,1998-10-30,1998-11-30,116.450000,123.210000,-0.037921,-1,2,0.001000,31,0.004960,0.058051,-0.058051,-0.064011
1998,12,1998-11-30,1998-12-31,123.210000,113.080000,-0.043178,-1,0,0.000000,31,0.004960,-0.082217,0.082217,0.077257
1999,1,1998-12-31,1999-01-29,113.080000,116.000000,-0.156056,-1,0,0.000000,29,0.004640,0.025822,-0.025822,-0.030462
1999,2,1999-01-29,1999-02-26,116.000000,118.700000,-0.084090,-1,0,0.000000,28,0.004480,0.023276,-0.023276,-0.027756
1999,3,1999-02-26,1999-03-31,118.700000,118.430000,-0.053278,-1,0,0.000000,33,0.005280,-0.002275,0.002275,-0.003005
1999,4,1999-03-31,1999-04-30,118.430000,119.430000,-0.112884,-1,0,0.000000,30,0.004800,0.008444,-0.008444,-0.013244
1999,5,1999-04-30,1999-05-28,119.430000,120.880000,-0.101895,-1,0,0.000000,28,0.004480,0.012141,-0.012141,-0.016621
1999,6,1999-05-28,1999-06-30,120.880000,120.940000,-0.130172,-1,0,0.000000,33,0.005280,0.000496,-0.000496,-0.005776
1999,7,1999-06-30,1999-07-30,120.940000,114.700000,-0.144938,-1,0,0.000000,30,0.004800,-0.051596,0.051596,0.046796
1999,8,1999-07-30,1999-08-31,114.700000,109.300000,-0.207052,-1,0,0.000000,32,0.005120,-0.047079,0.047079,0.041959
1999,9,1999-08-31,1999-09-30,109.300000,106.820000,-0.197680,-1,0,0.000000,30,0.004800,-0.022690,0.022690,0.017890
1999,10,1999-09-30,1999-10-29,106.820000,104.290000,-0.213112,-1,0,0.000000,29,0.004640,-0.023685,0.023685,0.019045
1999,11,1999-10-29,1999-11-30,104.290000,101.800000,-0.104422,-1,0,0.000000,32,0.005120,-0.023876,0.023876,0.018756
1999,12,1999-11-30,1999-12-31,101.800000,102.160000,-0.166939,-1,0,0.000000,31,0.004960,0.003536,-0.003536,-0.008496
2000,1,1999-12-31,2000-01-31,102.160000,107.330000,-0.080882,-1,0,0.000000,31,0.004960,0.050607,-0.050607,-0.055567
2000,2,2000-01-31,2000-02-29,107.330000,109.880000,-0.045616,-1,0,0.000000,29,0.004640,0.023759,-0.023759,-0.028399
2000,3,2000-02-29,2000-03-31,109.880000,102.730000,-0.110283,-1,0,0.000000,31,0.004960,-0.065071,0.065071,0.060111
2000,4,2000-03-31,2000-04-28,102.730000,107.980000,-0.149163,-1,0,0.000000,28,0.004480,0.051105,-0.051105,-0.055585
2000,5,2000-04-28,2000-05-31,107.980000,107.740000,-0.107161,-1,0,0.000000,33,0.005280,-0.002223,0.002223,-0.003057
2000,6,2000-05-31,2000-06-30,107.740000,106.140000,-0.116813,-1,0,0.000000,30,0.004800,-0.014851,0.014851,0.010051
2000,7,2000-06-30,2000-07-31,106.140000,109.680000,-0.131353,-1,0,0.000000,31,0.004960,0.033352,-0.033352,-0.038312
2000,8,2000-07-31,2000-08-31,109.680000,106.660000,-0.039580,-1,0,0.000000,31,0.004960,-0.027535,0.027535,0.022575
2000,9,2000-08-31,2000-09-29,106.660000,107.900000,-0.038406,-1,0,0.000000,29,0.004640,0.011626,-0.011626,-0.016266
2000,10,2000-09-29,2000-10-31,107.900000,109.150000,0.008788,1,2,0.001000,32,0.005120,0.011585,0.011585,0.005465
2000,11,2000-10-31,2000-11-30,109.150000,110.930000,0.044698,1,0,0.000000,30,0.004800,0.016308,0.016308,0.011508
2000,12,2000-11-30,2000-12-29,110.930000,114.350000,0.083407,1,0,0.000000,29,0.004640,0.030830,0.030830,0.026190
2001,1,2000-12-29,2001-01-31,114.350000,116.390000,0.109225,1,0,0.000000,33,0.005280,0.017840,0.017840,0.012560
2001,2,2001-01-31,2001-02-28,116.390000,117.280000,0.078484,1,0,0.000000,28,0.004480,0.007647,0.007647,0.003167
2001,3,2001-02-28,2001-03-30,117.280000,125.540000,0.092298,1,0,0.000000,30,0.004800,0.070430,0.070430,0.065630
2001,4,2001-03-30,2001-04-30,125.540000,123.570000,0.197672,1,0,0.000000,31,0.004960,-0.015692,-0.015692,-0.020652
2001,5,2001-04-30,2001-05-31,123.570000,118.880000,0.137531,1,0,0.000000,31,0.004960,-0.037954,-0.037954,-0.042914
2001,6,2001-05-31,2001-06-29,118.880000,124.730000,0.099214,1,0,0.000000,29,0.004640,0.049209,0.049209,0.044569
2001,7,2001-06-29,2001-07-31,124.730000,125.000000,0.180708,1,0,0.000000,32,0.005120,0.002165,0.002165,-0.002955
2001,8,2001-07-31,2001-08-31,125.000000,118.750000,0.149214,1,0,0.000000,31,0.004960,-0.050000,-0.050000,-0.054960
2001,9,2001-08-31,2001-09-28,118.750000,119.230000,0.121553,1,0,0.000000,28,0.004480,0.004042,0.004042,-0.000438
2001,10,2001-09-28,2001-10-31,119.230000,122.540000,0.105005,1,0,0.000000,33,0.005280,0.027761,0.027761,0.022481
2001,11,2001-10-31,2001-11-30,122.540000,123.220000,0.129609,1,0,0.000000,30,0.004800,0.005549,0.005549,0.000749
2001,12,2001-11-30,2001-12-31,123.220000,131.040000,0.110791,1,0,0.000000,31,0.004960,0.063464,0.063464,0.058504
2002,1,2001-12-31,2002-01-31,131.040000,134.060000,0.145955,1,0,0.000000,31,0.004960,0.023046,0.023046,0.018086
2002,2,2002-01-31,2002-02-28,134.060000,133.960000,0.151817,1,0,0.000000,28,0.004480,-0.000746,-0.000746,-0.005226
2002,3,2002-02-28,2002-03-29,133.960000,132.700000,0.142224,1,0,0.000000,29,0.004640,-0.009406,-0.009406,-0.014046
2002,4,2002-03-29,2002-04-30,132.700000,128.450000,0.074929,1,0,0.000000,32,0.005120,-0.032027,-0.032027,-0.037147
2002,5,2002-04-30,2002-05-31,128.450000,124.130000,0.039492,1,0,0.000000,31,0.004960,-0.033632,-0.033632,-0.038592
2002,6,2002-05-31,2002-06-28,124.130000,119.850000,0.044162,1,0,0.000000,28,0.004480,-0.034480,-0.034480,-0.038960
2002,7,2002-06-28,2002-07-31,119.850000,119.770000,-0.038354,-1,2,0.001000,33,0.005280,-0.000668,0.000668,-0.005612
2002,8,2002-07-31,2002-08-30,119.770000,118.760000,-0.041840,-1,0,0.000000,30,0.004800,-0.008433,0.008433,0.003633
2002,9,2002-08-30,2002-09-30,118.760000,121.740000,-0.005360,-1,0,0.000000,31,0.004960,0.025093,-0.025093,-0.030053
2002,10,2002-09-30,2002-10-31,121.740000,122.780000,0.012222,1,2,0.001000,31,0.004960,0.008543,0.008543,0.002583
2002,11,2002-10-31,2002-11-29,122.780000,122.720000,0.007467,1,0,0.000000,29,0.004640,-0.000489,-0.000489,-0.005129
2002,12,2002-11-29,2002-12-31,122.720000,118.750000,-0.004058,-1,2,0.001000,32,0.005120,-0.032350,0.032350,0.026230
2003,1,2002-12-31,2003-01-31,118.750000,119.960000,-0.100515,-1,0,0.000000,31,0.004960,0.010189,-0.010189,-0.015149
2003,2,2003-01-31,2003-02-28,119.960000,118.220000,-0.103237,-1,0,0.000000,28,0.004480,-0.014505,0.014505,0.010025
2003,3,2003-02-28,2003-03-31,118.220000,118.070000,-0.113461,-1,0,0.000000,31,0.004960,-0.001269,0.001269,-0.003691
2003,4,2003-03-31,2003-04-30,118.070000,119.070000,-0.114386,-1,0,0.000000,30,0.004800,0.008470,-0.008470,-0.013270
2003,5,2003-04-30,2003-05-30,119.070000,119.500000,-0.065751,-1,0,0.000000,30,0.004800,0.003611,-0.003611,-0.008411
2003,6,2003-05-30,2003-06-30,119.500000,119.870000,-0.037300,-1,0,0.000000,31,0.004960,0.003096,-0.003096,-0.008056
2003,7,2003-06-30,2003-07-31,119.870000,120.420000,-0.001416,-1,0,0.000000,31,0.004960,0.004588,-0.004588,-0.009548
2003,8,2003-07-31,2003-08-29,120.420000,116.710000,0.011083,1,2,0.001000,29,0.004640,-0.030809,-0.030809,-0.036449
2003,9,2003-08-29,2003-09-30,116.710000,111.430000,-0.017262,-1,2,0.001000,32,0.005120,-0.045240,0.045240,0.039120
2003,10,2003-09-30,2003-10-31,111.430000,110.100000,-0.092072,-1,0,0.000000,31,0.004960,-0.011936,0.011936,0.006976
2003,11,2003-10-31,2003-11-28,110.100000,109.530000,-0.098723,-1,0,0.000000,28,0.004480,-0.005177,0.005177,0.000697
2003,12,2003-11-28,2003-12-31,109.530000,107.130000,-0.107480,-1,0,0.000000,33,0.005280,-0.021912,0.021912,0.016632
2004,1,2003-12-31,2004-01-30,107.130000,105.840000,-0.106207,-1,0,0.000000,30,0.004800,-0.012041,0.012041,0.007241
2004,2,2004-01-30,2004-02-27,105.840000,109.260000,-0.117706,-1,0,0.000000,28,0.004480,0.032313,-0.032313,-0.036793
2004,3,2004-02-27,2004-03-31,109.260000,104.180000,-0.075791,-1,0,0.000000,33,0.005280,-0.046495,0.046495,0.041215
2004,4,2004-03-31,2004-04-30,104.180000,110.370000,-0.125787,-1,0,0.000000,30,0.004800,0.059416,-0.059416,-0.064216
2004,5,2004-04-30,2004-05-28,110.370000,110.180000,-0.073300,-1,0,0.000000,28,0.004480,-0.001721,0.001721,-0.002759
2004,6,2004-05-28,2004-06-30,110.180000,109.430000,-0.070368,-1,0,0.000000,33,0.005280,-0.006807,0.006807,0.001527
2004,7,2004-06-30,2004-07-30,109.430000,111.390000,-0.077552,-1,0,0.000000,30,0.004800,0.017911,-0.017911,-0.022711
2004,8,2004-07-30,2004-08-31,111.390000,109.000000,-0.071750,-1,0,0.000000,32,0.005120,-0.021456,0.021456,0.016336
2004,9,2004-08-31,2004-09-30,109.000000,110.200000,-0.060669,-1,0,0.000000,30,0.004800,0.011009,-0.011009,-0.015809
2004,10,2004-09-30,2004-10-29,110.200000,106.040000,-0.003527,-1,0,0.000000,29,0.004640,-0.037750,0.037750,0.033110
2004,11,2004-10-29,2004-11-30,106.040000,103.040000,-0.036876,-1,0,0.000000,32,0.005120,-0.028291,0.028291,0.023171
2004,12,2004-11-30,2004-12-31,103.040000,102.680000,-0.053115,-1,0,0.000000,31,0.004960,-0.003494,0.003494,-0.001466
2005,1,2004-12-31,2005-01-31,102.680000,103.550000,-0.033145,-1,0,0.000000,31,0.004960,0.008473,-0.008473,-0.013433
2005,2,2005-01-31,2005-02-28,103.550000,104.250000,-0.018762,-1,0,0.000000,28,0.004480,0.006760,-0.006760,-0.011240
2005,3,2005-02-28,2005-03-31,104.250000,107.220000,-0.054422,-1,0,0.000000,31,0.004960,0.028489,-0.028489,-0.033449
2005,4,2005-03-31,2005-04-29,107.220000,104.640000,0.017654,1,2,0.001000,29,0.004640,-0.024063,-0.024063,-0.029703
2005,5,2005-04-29,2005-05-31,104.640000,107.970000,-0.048900,-1,2,0.001000,32,0.005120,0.031823,-0.031823,-0.037943
2005,6,2005-05-31,2005-06-30,107.970000,110.910000,-0.028523,-1,0,0.000000,30,0.004800,0.027230,-0.027230,-0.032030
2005,7,2005-06-30,2005-07-29,110.910000,112.250000,0.015287,1,2,0.001000,29,0.004640,0.012082,0.012082,0.006442
2005,8,2005-07-29,2005-08-31,112.250000,110.840000,0.014919,1,0,0.000000,33,0.005280,-0.012561,-0.012561,-0.017841
2005,9,2005-08-31,2005-09-30,110.840000,113.290000,0.003349,1,0,0.000000,30,0.004800,0.022104,0.022104,0.017304
2005,10,2005-09-30,2005-10-31,113.290000,116.360000,0.018703,1,0,0.000000,31,0.004960,0.027099,0.027099,0.022139
2005,11,2005-10-31,2005-11-30,116.360000,119.660000,0.095669,1,0,0.000000,30,0.004800,0.028360,0.028360,0.023560
2005,12,2005-11-30,2005-12-30,119.660000,117.880000,0.166732,1,0,0.000000,30,0.004800,-0.014875,-0.014875,-0.019675
2006,1,2005-12-30,2006-01-31,117.880000,116.880000,0.146358,1,0,0.000000,32,0.005120,-0.008483,-0.008483,-0.013603
2006,2,2006-01-31,2006-02-28,116.880000,115.820000,0.124603,1,0,0.000000,28,0.004480,-0.009069,-0.009069,-0.013549
2006,3,2006-02-28,2006-03-31,115.820000,117.480000,0.109706,1,0,0.000000,31,0.004960,0.014333,0.014333,0.009373
2006,4,2006-03-31,2006-04-28,117.480000,113.790000,0.092126,1,0,0.000000,28,0.004480,-0.031410,-0.031410,-0.035890
2006,5,2006-04-28,2006-05-31,113.790000,112.260000,0.087443,1,0,0.000000,33,0.005280,-0.013446,-0.013446,-0.018726
2006,6,2006-05-31,2006-06-30,112.260000,114.510000,0.035418,1,0,0.000000,30,0.004800,0.020043,0.020043,0.015243
2006,7,2006-06-30,2006-07-31,114.510000,114.440000,0.025340,1,0,0.000000,31,0.004960,-0.000611,-0.000611,-0.005571
2006,8,2006-07-31,2006-08-31,114.440000,117.350000,0.020692,1,0,0.000000,31,0.004960,0.025428,0.025428,0.020468
2006,9,2006-08-31,2006-09-29,117.350000,117.990000,0.065269,1,0,0.000000,29,0.004640,0.005454,0.005454,0.000814
2006,10,2006-09-29,2006-10-31,117.990000,116.820000,0.041486,1,0,0.000000,32,0.005120,-0.009916,-0.009916,-0.015036
2006,11,2006-10-31,2006-11-30,116.820000,115.550000,0.001629,1,0,0.000000,30,0.004800,-0.010871,-0.010871,-0.015671
2006,12,2006-11-30,2006-12-29,115.550000,119.020000,-0.043223,-1,2,0.001000,29,0.004640,0.030030,-0.030030,-0.035670
2007,1,2006-12-29,2007-01-31,119.020000,121.020000,0.023036,1,2,0.001000,33,0.005280,0.016804,0.016804,0.010524
2007,2,2007-01-31,2007-02-28,121.020000,118.330000,0.023338,1,0,0.000000,28,0.004480,-0.022228,-0.022228,-0.026708
2007,3,2007-02-28,2007-03-30,118.330000,117.560000,0.019471,1,0,0.000000,30,0.004800,-0.006507,-0.006507,-0.011307
2007,4,2007-03-30,2007-04-30,117.560000,119.440000,-0.002207,-1,2,0.001000,31,0.004960,0.015992,-0.015992,-0.021952
2007,5,2007-04-30,2007-05-31,119.440000,121.760000,0.054565,1,2,0.001000,31,0.004960,0.019424,0.019424,0.013464
2007,6,2007-05-31,2007-06-29,121.760000,123.390000,0.090453,1,0,0.000000,29,0.004640,0.013387,0.013387,0.008747
2007,7,2007-06-29,2007-07-31,123.390000,119.130000,0.073703,1,0,0.000000,32,0.005120,-0.034525,-0.034525,-0.039645
2007,8,2007-07-31,2007-08-31,119.130000,115.830000,0.040073,1,0,0.000000,31,0.004960,-0.027701,-0.027701,-0.032661
2007,9,2007-08-31,2007-09-28,115.830000,114.970000,-0.001810,-1,2,0.001000,28,0.004480,-0.007425,0.007425,0.001945
2007,10,2007-09-28,2007-10-31,114.970000,115.270000,-0.024355,-1,0,0.000000,33,0.005280,0.002609,-0.002609,-0.007889
2007,11,2007-10-31,2007-11-30,115.270000,111.020000,-0.026436,-1,0,0.000000,30,0.004800,-0.036870,0.036870,0.032070
2007,12,2007-11-30,2007-12-31,111.020000,111.710000,-0.035196,-1,0,0.000000,31,0.004960,0.006215,-0.006215,-0.011175
2008,1,2007-12-31,2008-01-31,111.710000,106.740000,-0.059443,-1,0,0.000000,31,0.004960,-0.044490,0.044490,0.039530
2008,2,2008-01-31,2008-02-29,106.740000,104.190000,-0.113087,-1,0,0.000000,29,0.004640,-0.023890,0.023890,0.019250
2008,3,2008-02-29,2008-03-31,104.190000,99.850000,-0.104974,-1,0,0.000000,31,0.004960,-0.041655,0.041655,0.036695
2008,4,2008-03-31,2008-04-30,99.850000,104.530000,-0.158520,-1,0,0.000000,30,0.004800,0.046870,-0.046870,-0.051670
2008,5,2008-04-30,2008-05-30,104.530000,105.460000,-0.128626,-1,0,0.000000,30,0.004800,0.008897,-0.008897,-0.013697
2008,6,2008-05-30,2008-06-30,105.460000,106.170000,-0.129006,-1,0,0.000000,31,0.004960,0.006732,-0.006732,-0.011692
2008,7,2008-06-30,2008-07-31,106.170000,108.100000,-0.138720,-1,0,0.000000,31,0.004960,0.018178,-0.018178,-0.023138
2008,8,2008-07-31,2008-08-29,108.100000,108.690000,-0.087610,-1,0,0.000000,29,0.004640,0.005458,-0.005458,-0.010098
2008,9,2008-08-29,2008-09-30,108.690000,105.940000,-0.056101,-1,0,0.000000,32,0.005120,-0.025301,0.025301,0.020181
2008,10,2008-09-30,2008-10-31,105.940000,98.280000,-0.091346,-1,0,0.000000,31,0.004960,-0.072305,0.072305,0.067345
2008,11,2008-10-31,2008-11-28,98.280000,95.460000,-0.141959,-1,0,0.000000,28,0.004480,-0.028694,0.028694,0.024214
2008,12,2008-11-28,2008-12-31,95.460000,90.790000,-0.140155,-1,0,0.000000,33,0.005280,-0.048921,0.048921,0.043641
2009,1,2008-12-31,2009-01-30,90.790000,89.830000,-0.171473,-1,0,0.000000,30,0.004800,-0.010574,0.010574,0.005774
2009,2,2009-01-30,2009-02-27,89.830000,97.740000,-0.154939,-1,0,0.000000,28,0.004480,0.088055,-0.088055,-0.092535
2009,3,2009-02-27,2009-03-31,97.740000,99.150000,-0.061906,-1,0,0.000000,32,0.005120,0.014426,-0.014426,-0.019546
2009,4,2009-03-31,2009-04-30,99.150000,98.760000,-0.025744,-1,0,0.000000,30,0.004800,-0.003933,0.003933,-0.000867
2009,5,2009-04-30,2009-05-29,98.760000,95.550000,-0.050750,-1,0,0.000000,29,0.004640,-0.032503,0.032503,0.027863
2009,6,2009-05-29,2009-06-30,95.550000,96.420000,-0.093969,-1,0,0.000000,32,0.005120,0.009105,-0.009105,-0.014225
2009,7,2009-06-30,2009-07-31,96.420000,94.540000,-0.088054,-1,0,0.000000,31,0.004960,-0.019498,0.019498,0.014538
2009,8,2009-07-31,2009-08-31,94.540000,92.820000,-0.126490,-1,0,0.000000,31,0.004960,-0.018193,0.018193,0.013233
2009,9,2009-08-31,2009-09-30,92.820000,89.490000,-0.141986,-1,0,0.000000,30,0.004800,-0.035876,0.035876,0.031076
2009,10,2009-09-30,2009-10-30,89.490000,90.500000,-0.150142,-1,0,0.000000,30,0.004800,0.011286,-0.011286,-0.016086
2009,11,2009-10-30,2009-11-30,90.500000,86.120000,-0.085397,-1,0,0.000000,31,0.004960,-0.048398,0.048398,0.043438
2009,12,2009-11-30,2009-12-31,86.120000,93.080000,-0.080308,-1,0,0.000000,31,0.004960,0.080817,-0.080817,-0.085777
2010,1,2009-12-31,2010-01-29,93.080000,90.380000,-0.001288,-1,0,0.000000,29,0.004640,-0.029007,0.029007,0.024367
2010,2,2010-01-29,2010-02-26,90.380000,88.840000,0.005787,1,2,0.001000,28,0.004480,-0.017039,-0.017039,-0.022519
2010,3,2010-02-26,2010-03-31,88.840000,93.400000,-0.085726,-1,2,0.001000,33,0.005280,0.051328,-0.051328,-0.057608
2010,4,2010-03-31,2010-04-30,93.400000,94.240000,-0.061118,-1,0,0.000000,30,0.004800,0.008994,-0.008994,-0.013794
2010,5,2010-04-30,2010-05-28,94.240000,90.810000,-0.049233,-1,0,0.000000,28,0.004480,-0.036396,0.036396,0.031916
2010,6,2010-05-28,2010-06-30,90.810000,88.490000,-0.051295,-1,0,0.000000,33,0.005280,-0.025548,0.025548,0.020268
2010,7,2010-06-30,2010-07-30,88.490000,86.430000,-0.077268,-1,0,0.000000,30,0.004800,-0.023279,0.023279,0.018479
2010,8,2010-07-30,2010-08-31,86.430000,84.100000,-0.085784,-1,0,0.000000,32,0.005120,-0.026958,0.026958,0.021838
2010,9,2010-08-31,2010-09-30,84.100000,83.530000,-0.096573,-1,0,0.000000,30,0.004800,-0.006778,0.006778,0.001978
2010,10,2010-09-30,2010-10-29,83.530000,80.480000,-0.069096,-1,0,0.000000,29,0.004640,-0.036514,0.036514,0.031874
2010,11,2010-10-29,2010-11-30,80.480000,83.560000,-0.110718,-1,0,0.000000,32,0.005120,0.038270,-0.038270,-0.043390
2010,12,2010-11-30,2010-12-30,83.560000,81.670000,-0.035327,-1,0,0.000000,30,0.004800,-0.022618,0.022618,0.017818
2011,1,2010-12-30,2011-01-31,81.670000,81.970000,-0.122583,-1,0,0.000000,32,0.005120,0.003673,-0.003673,-0.008793
2011,2,2011-01-31,2011-02-28,81.970000,81.940000,-0.097247,-1,0,0.000000,28,0.004480,-0.000366,0.000366,-0.004114
2011,3,2011-02-28,2011-03-31,81.940000,82.760000,-0.082213,-1,0,0.000000,31,0.004960,0.010007,-0.010007,-0.014967
2011,4,2011-03-31,2011-04-29,82.760000,81.310000,-0.117979,-1,0,0.000000,29,0.004640,-0.017521,0.017521,0.012881
2011,5,2011-04-29,2011-05-31,81.310000,81.290000,-0.137203,-1,0,0.000000,32,0.005120,-0.000246,0.000246,-0.004874
2011,6,2011-05-31,2011-06-30,81.290000,80.640000,-0.108271,-1,0,0.000000,30,0.004800,-0.007996,0.007996,0.003196
2011,7,2011-06-30,2011-07-29,80.640000,77.180000,-0.077557,-1,0,0.000000,29,0.004640,-0.042907,0.042907,0.038267
2011,8,2011-07-29,2011-08-31,77.180000,76.500000,-0.107023,-1,0,0.000000,33,0.005280,-0.008811,0.008811,0.003531
2011,9,2011-08-31,2011-09-30,76.500000,77.040000,-0.094460,-1,0,0.000000,30,0.004800,0.007059,-0.007059,-0.011859
2011,10,2011-09-30,2011-10-31,77.040000,77.970000,-0.075150,-1,0,0.000000,31,0.004960,0.012072,-0.012072,-0.017032
2011,11,2011-10-31,2011-11-30,77.970000,77.580000,-0.033350,-1,0,0.000000,30,0.004800,-0.005002,0.005002,0.000202
2011,12,2011-11-30,2011-12-30,77.580000,76.980000,-0.076429,-1,0,0.000000,30,0.004800,-0.007734,0.007734,0.002934
2012,1,2011-12-30,2012-01-31,76.980000,76.340000,-0.056155,-1,0,0.000000,32,0.005120,-0.008314,0.008314,0.003194
2012,2,2012-01-31,2012-02-29,76.340000,81.100000,-0.063083,-1,0,0.000000,29,0.004640,0.062353,-0.062353,-0.066993
2012,3,2012-02-29,2012-03-30,81.100000,82.410000,-0.006371,-1,0,0.000000,30,0.004800,0.016153,-0.016153,-0.020953
2012,4,2012-03-30,2012-04-30,82.410000,79.810000,-0.019512,-1,0,0.000000,31,0.004960,-0.031550,0.031550,0.026590
2012,5,2012-04-30,2012-05-31,79.810000,78.290000,-0.017481,-1,0,0.000000,31,0.004960,-0.019045,0.019045,0.014085
2012,6,2012-05-31,2012-06-29,78.290000,79.810000,-0.033218,-1,0,0.000000,29,0.004640,0.019415,-0.019415,-0.024055
2012,7,2012-06-29,2012-07-31,79.810000,78.100000,-0.012375,-1,0,0.000000,32,0.005120,-0.021426,0.021426,0.016306
2012,8,2012-07-31,2012-08-31,78.100000,78.300000,0.012576,1,2,0.001000,31,0.004960,0.002561,0.002561,-0.003399
2012,9,2012-08-31,2012-09-28,78.300000,77.920000,0.019664,1,0,0.000000,28,0.004480,-0.004853,-0.004853,-0.009333
2012,10,2012-09-28,2012-10-31,77.920000,79.940000,0.011423,1,0,0.000000,33,0.005280,0.025924,0.025924,0.020644
2012,11,2012-10-31,2012-11-30,79.940000,82.540000,0.024346,1,0,0.000000,30,0.004800,0.032524,0.032524,0.027724
2012,12,2012-11-30,2012-12-31,82.540000,86.640000,0.059836,1,0,0.000000,31,0.004960,0.049673,0.049673,0.044713
2013,1,2012-12-31,2013-01-31,86.640000,91.280000,0.130038,1,0,0.000000,31,0.004960,0.053555,0.053555,0.048595
2013,2,2013-01-31,2013-02-28,91.280000,92.360000,0.199002,1,0,0.000000,28,0.004480,0.011832,0.011832,0.007352
2013,3,2013-02-28,2013-03-29,92.360000,94.160000,0.137999,1,0,0.000000,29,0.004640,0.019489,0.019489,0.014849
2013,4,2013-03-29,2013-04-30,94.160000,97.520000,0.142580,1,0,0.000000,32,0.005120,0.035684,0.035684,0.030564
2013,5,2013-04-30,2013-05-31,97.520000,100.830000,0.216415,1,0,0.000000,31,0.004960,0.033942,0.033942,0.028982
2013,6,2013-05-31,2013-06-28,100.830000,99.210000,0.289221,1,0,0.000000,28,0.004480,-0.016067,-0.016067,-0.020547
2013,7,2013-06-28,2013-07-31,99.210000,98.350000,0.243077,1,0,0.000000,33,0.005280,-0.008668,-0.008668,-0.013948
2013,8,2013-07-31,2013-08-30,98.350000,98.220000,0.257833,1,0,0.000000,30,0.004800,-0.001322,-0.001322,-0.006122
2013,9,2013-08-30,2013-09-30,98.220000,98.290000,0.254406,1,0,0.000000,31,0.004960,0.000713,0.000713,-0.004247
2013,10,2013-09-30,2013-10-31,98.290000,98.100000,0.260128,1,0,0.000000,31,0.004960,-0.001933,-0.001933,-0.006893
2013,11,2013-10-31,2013-11-29,98.100000,102.450000,0.224108,1,0,0.000000,29,0.004640,0.044343,0.044343,0.039703
2013,12,2013-11-29,2013-12-31,102.450000,105.250000,0.241216,1,0,0.000000,32,0.005120,0.027330,0.027330,0.022210
2014,1,2013-12-31,2014-01-31,105.250000,102.280000,0.208381,1,0,0.000000,31,0.004960,-0.028219,-0.028219,-0.033179
2014,2,2014-01-31,2014-02-28,102.280000,102.080000,0.105252,1,0,0.000000,28,0.004480,-0.001955,-0.001955,-0.006435
2014,3,2014-02-28,2014-03-31,102.080000,102.980000,0.093168,1,0,0.000000,31,0.004960,0.008817,0.008817,0.003857
2014,4,2014-03-31,2014-04-30,102.980000,102.140000,0.103751,1,0,0.000000,30,0.004800,-0.008157,-0.008157,-0.012957
2014,5,2014-04-30,2014-05-30,102.140000,101.770000,0.049959,1,0,0.000000,30,0.004800,-0.003622,-0.003622,-0.008422
2014,6,2014-05-30,2014-06-30,101.770000,101.280000,0.009323,1,0,0.000000,31,0.004960,-0.004815,-0.004815,-0.009775
2014,7,2014-06-30,2014-07-31,101.280000,102.750000,0.016663,1,0,0.000000,31,0.004960,0.014514,0.014514,0.009554
2014,8,2014-07-31,2014-08-29,102.750000,104.000000,0.034743,1,0,0.000000,29,0.004640,0.012165,0.012165,0.007525
2014,9,2014-08-29,2014-09-30,104.000000,109.660000,0.058847,1,0,0.000000,32,0.005120,0.054423,0.054423,0.049303
2014,10,2014-09-30,2014-10-31,109.660000,112.090000,0.118409,1,0,0.000000,31,0.004960,0.022159,0.022159,0.017199
2014,11,2014-10-31,2014-11-28,112.090000,118.700000,0.134744,1,0,0.000000,28,0.004480,0.058970,0.058970,0.054490
2014,12,2014-11-28,2014-12-31,118.700000,119.850000,0.158614,1,0,0.000000,33,0.005280,0.009688,0.009688,0.004408
2015,1,2014-12-31,2015-01-30,119.850000,117.440000,0.138717,1,0,0.000000,30,0.004800,-0.020108,-0.020108,-0.024908
2015,2,2015-01-30,2015-02-27,117.440000,119.720000,0.142079,1,0,0.000000,28,0.004480,0.019414,0.019414,0.014934
2015,3,2015-02-27,2015-03-31,119.720000,119.960000,0.172346,1,0,0.000000,32,0.005120,0.002005,0.002005,-0.003115
2015,4,2015-03-31,2015-04-30,119.960000,119.860000,0.164886,1,0,0.000000,30,0.004800,-0.000834,-0.000834,-0.005634
2015,5,2015-04-30,2015-05-29,119.860000,123.980000,0.173487,1,0,0.000000,29,0.004640,0.034373,0.034373,0.029733
2015,6,2015-05-29,2015-06-30,123.980000,122.100000,0.220516,1,0,0.000000,32,0.005120,-0.015164,-0.015164,-0.020284
2015,7,2015-06-30,2015-07-31,122.100000,123.940000,0.205569,1,0,0.000000,31,0.004960,0.015070,0.015070,0.010110
2015,8,2015-07-31,2015-08-31,123.940000,121.260000,0.206229,1,0,0.000000,31,0.004960,-0.021623,-0.021623,-0.026583
2015,9,2015-08-31,2015-09-30,121.260000,119.810000,0.165962,1,0,0.000000,30,0.004800,-0.011958,-0.011958,-0.016758
2015,10,2015-09-30,2015-10-30,119.810000,120.700000,0.092559,1,0,0.000000,30,0.004800,0.007428,0.007428,0.002628
2015,11,2015-10-30,2015-11-30,120.700000,123.220000,0.107949,1,0,0.000000,31,0.004960,0.020878,0.020878,0.015918
2015,12,2015-11-30,2015-12-31,123.220000,120.270000,0.038079,1,0,0.000000,31,0.004960,-0.023941,-0.023941,-0.028901
2016,1,2015-12-31,2016-01-29,120.270000,121.050000,0.000582,1,0,0.000000,29,0.004640,0.006485,0.006485,0.001845
2016,2,2016-01-29,2016-02-29,121.050000,112.900000,0.030739,1,0,0.000000,31,0.004960,-0.067328,-0.067328,-0.072288
2016,3,2016-02-29,2016-03-31,112.900000,112.420000,-0.059637,-1,2,0.001000,31,0.004960,-0.004252,0.004252,-0.001708
2016,4,2016-03-31,2016-04-29,112.420000,106.900000,-0.061132,-1,0,0.000000,29,0.004640,-0.049102,0.049102,0.044462
2016,5,2016-04-29,2016-05-31,106.900000,110.750000,-0.110723,-1,0,0.000000,32,0.005120,0.036015,-0.036015,-0.041135
2016,6,2016-05-31,2016-06-30,110.750000,102.770000,-0.108221,-1,0,0.000000,30,0.004800,-0.072054,0.072054,0.067254
2016,7,2016-06-30,2016-07-29,102.770000,102.320000,-0.165421,-1,0,0.000000,29,0.004640,-0.004379,0.004379,-0.000261
2016,8,2016-07-29,2016-08-31,102.320000,103.380000,-0.174439,-1,0,0.000000,33,0.005280,0.010360,-0.010360,-0.015640
2016,9,2016-08-31,2016-09-30,103.380000,101.210000,-0.138500,-1,0,0.000000,30,0.004800,-0.020991,0.020991,0.016191
2016,10,2016-09-30,2016-10-31,101.210000,105.070000,-0.152487,-1,0,0.000000,31,0.004960,0.038139,-0.038139,-0.043099
2016,11,2016-10-31,2016-11-30,105.070000,114.340000,-0.129495,-1,0,0.000000,30,0.004800,0.088227,-0.088227,-0.093027
2016,12,2016-11-30,2016-12-30,114.340000,116.780000,-0.074320,-1,0,0.000000,30,0.004800,0.021340,-0.021340,-0.026140
2017,1,2016-12-30,2017-01-31,116.780000,112.720000,-0.021123,-1,0,0.000000,32,0.005120,-0.034766,0.034766,0.029646
2017,2,2017-01-31,2017-02-28,112.720000,112.060000,-0.068891,-1,0,0.000000,28,0.004480,-0.005855,0.005855,0.001375
2017,3,2017-02-28,2017-03-31,112.060000,111.410000,-0.007440,-1,0,0.000000,31,0.004960,-0.005800,0.005800,0.000840
2017,4,2017-03-31,2017-04-28,111.410000,111.440000,-0.008984,-1,0,0.000000,28,0.004480,0.000269,-0.000269,-0.004749
2017,5,2017-04-28,2017-05-31,111.440000,110.710000,0.026624,1,2,0.001000,33,0.005280,-0.006551,-0.006551,-0.012831
2017,6,2017-05-31,2017-06-30,110.710000,112.400000,-0.000361,-1,2,0.001000,30,0.004800,0.015265,-0.015265,-0.021065
2017,7,2017-06-30,2017-07-31,112.400000,110.380000,0.093704,1,2,0.001000,31,0.004960,-0.017972,-0.017972,-0.023932
2017,8,2017-07-31,2017-08-31,110.380000,110.060000,0.078772,1,0,0.000000,31,0.004960,-0.002899,-0.002899,-0.007859
2017,9,2017-08-31,2017-09-29,110.060000,112.640000,0.064616,1,0,0.000000,29,0.004640,0.023442,0.023442,0.018802
2017,10,2017-09-29,2017-10-31,112.640000,113.630000,0.109972,1,0,0.000000,32,0.005120,0.008789,0.008789,0.003669
2017,11,2017-10-31,2017-11-30,113.630000,112.300000,0.081469,1,0,0.000000,30,0.004800,-0.011705,-0.011705,-0.016505
2017,12,2017-11-30,2017-12-29,112.300000,112.690000,-0.017842,-1,2,0.001000,29,0.004640,0.003473,-0.003473,-0.009113
2018,1,2017-12-29,2018-01-31,112.690000,109.310000,-0.031207,-1,0,0.000000,33,0.005280,-0.029994,0.029994,0.024714
2018,2,2018-01-31,2018-02-28,109.310000,106.620000,-0.035131,-1,0,0.000000,28,0.004480,-0.024609,0.024609,0.020129
2018,3,2018-02-28,2018-03-30,106.620000,106.200000,-0.061939,-1,0,0.000000,30,0.004800,-0.003939,0.003939,-0.000861
2018,4,2018-03-30,2018-04-30,106.200000,109.280000,-0.046764,-1,0,0.000000,31,0.004960,0.029002,-0.029002,-0.033962
2018,5,2018-04-30,2018-05-31,109.280000,108.730000,-0.022365,-1,0,0.000000,31,0.004960,-0.005033,0.005033,0.000073
2018,6,2018-05-31,2018-06-29,108.730000,110.710000,-0.022564,-1,0,0.000000,29,0.004640,0.018210,-0.018210,-0.022850
2018,7,2018-06-29,2018-07-31,110.710000,111.880000,-0.015036,-1,0,0.000000,32,0.005120,0.010568,-0.010568,-0.015688
2018,8,2018-07-31,2018-08-31,111.880000,110.980000,0.014049,1,2,0.001000,31,0.004960,-0.008044,-0.008044,-0.014004
2018,9,2018-08-31,2018-09-28,110.980000,113.480000,0.008084,1,0,0.000000,28,0.004480,0.022527,0.022527,0.018047
2018,10,2018-09-28,2018-10-31,113.480000,112.860000,0.007457,1,0,0.000000,33,0.005280,-0.005464,-0.005464,-0.010744
2018,11,2018-10-31,2018-11-30,112.860000,113.540000,-0.010347,-1,2,0.001000,30,0.004800,0.006025,-0.006025,-0.011825
2018,12,2018-11-30,2018-12-31,113.540000,109.700000,0.014837,1,2,0.001000,31,0.004960,-0.033821,-0.033821,-0.039781
2019,1,2018-12-31,2019-01-31,109.700000,108.840000,-0.027913,-1,2,0.001000,31,0.004960,-0.007840,0.007840,0.001880
2019,2,2019-01-31,2019-02-28,108.840000,111.380000,-0.002566,-1,0,0.000000,28,0.004480,0.023337,-0.023337,-0.027817
2019,3,2019-02-28,2019-03-29,111.380000,110.680000,0.044449,1,2,0.001000,29,0.004640,-0.006285,-0.006285,-0.011925
2019,4,2019-03-29,2019-04-30,110.680000,111.400000,0.054095,1,0,0.000000,32,0.005120,0.006505,0.006505,0.001385
2019,5,2019-04-30,2019-05-31,111.400000,108.660000,0.018934,1,0,0.000000,31,0.004960,-0.024596,-0.024596,-0.029556
2019,6,2019-05-31,2019-06-28,108.660000,107.840000,-0.006310,-1,2,0.001000,28,0.004480,-0.007546,0.007546,0.002066
2019,7,2019-06-28,2019-07-31,107.840000,108.580000,-0.016238,-1,0,0.000000,33,0.005280,0.006862,-0.006862,-0.012142
2019,8,2019-07-31,2019-08-30,108.580000,106.300000,-0.023561,-1,0,0.000000,30,0.004800,-0.020998,0.020998,0.016198
2019,9,2019-08-30,2019-09-30,106.300000,108.110000,-0.043118,-1,0,0.000000,31,0.004960,0.017027,-0.017027,-0.021987
2019,10,2019-09-30,2019-10-31,108.110000,108.090000,-0.042257,-1,0,0.000000,31,0.004960,-0.000185,0.000185,-0.004775
2019,11,2019-10-31,2019-11-29,108.090000,109.470000,-0.031885,-1,0,0.000000,29,0.004640,0.012767,-0.012767,-0.017407
2019,12,2019-11-29,2019-12-31,109.470000,108.670000,-0.036186,-1,0,0.000000,32,0.005120,-0.007308,0.007308,0.002188
2020,1,2019-12-31,2020-01-31,108.670000,108.500000,-0.015135,-1,0,0.000000,31,0.004960,-0.001564,0.001564,-0.003396
2020,2,2020-01-31,2020-02-28,108.500000,108.120000,-0.003124,-1,0,0.000000,28,0.004480,-0.003502,0.003502,-0.000978
2020,3,2020-02-28,2020-03-31,108.120000,107.530000,-0.033694,-1,0,0.000000,32,0.005120,-0.005457,0.005457,0.000337
2020,4,2020-03-31,2020-04-30,107.530000,106.940000,-0.034046,-1,0,0.000000,30,0.004800,-0.005487,0.005487,0.000687
2020,5,2020-04-30,2020-05-29,106.940000,107.770000,-0.039950,-1,0,0.000000,29,0.004640,0.007761,-0.007761,-0.012401
2020,6,2020-05-29,2020-06-30,107.770000,107.770000,-0.008191,-1,0,0.000000,32,0.005120,0.000000,-0.000000,-0.005120
2020,7,2020-06-30,2020-07-31,107.770000,105.780000,-0.001945,-1,0,0.000000,31,0.004960,-0.018465,0.018465,0.013505
2020,8,2020-07-31,2020-08-31,105.780000,105.840000,-0.008065,-1,0,0.000000,31,0.004960,0.000567,-0.000567,-0.005527
2020,9,2020-08-31,2020-09-30,105.840000,105.580000,-0.000378,-1,0,0.000000,30,0.004800,-0.002457,0.002457,-0.002343
2020,10,2020-09-30,2020-10-30,105.580000,104.540000,-0.015204,-1,0,0.000000,30,0.004800,-0.009850,0.009850,0.005050
2020,11,2020-10-30,2020-11-30,104.540000,104.380000,-0.033469,-1,0,0.000000,31,0.004960,-0.001531,0.001531,-0.003429
2020,12,2020-11-30,2020-12-31,104.380000,103.190000,-0.046497,-1,0,0.000000,31,0.004960,-0.011401,0.011401,0.006441
2021,1,2020-12-31,2021-01-29,103.190000,104.640000,-0.050428,-1,0,0.000000,29,0.004640,0.014052,-0.014052,-0.018692
2021,2,2021-01-29,2021-02-26,104.640000,106.640000,-0.041495,-1,0,0.000000,28,0.004480,0.019113,-0.019113,-0.023593
2021,3,2021-02-26,2021-03-31,106.640000,110.610000,-0.032568,-1,0,0.000000,33,0.005280,0.037228,-0.037228,-0.042508
2021,4,2021-03-31,2021-04-30,110.610000,109.330000,0.022652,1,2,0.001000,30,0.004800,-0.011572,-0.011572,-0.017372
2021,5,2021-04-30,2021-05-28,109.330000,109.830000,0.023402,1,0,0.000000,28,0.004480,0.004573,0.004573,0.000093
2021,6,2021-05-28,2021-06-30,109.830000,111.050000,0.018926,1,0,0.000000,33,0.005280,0.011108,0.011108,0.005828
2021,7,2021-06-30,2021-07-30,111.050000,109.700000,0.036011,1,0,0.000000,30,0.004800,-0.012157,-0.012157,-0.016957
2021,8,2021-07-30,2021-08-31,109.700000,110.050000,0.044463,1,0,0.000000,32,0.005120,0.003191,0.003191,-0.001929
2021,9,2021-08-31,2021-09-30,110.050000,111.500000,0.034110,1,0,0.000000,30,0.004800,0.013176,0.013176,0.008376
2021,10,2021-09-30,2021-10-29,111.500000,114.030000,0.056872,1,0,0.000000,29,0.004640,0.022691,0.022691,0.018051
2021,11,2021-10-29,2021-11-30,114.030000,113.220000,0.091823,1,0,0.000000,32,0.005120,-0.007103,-0.007103,-0.012223
2021,12,2021-11-30,2021-12-30,113.220000,115.170000,0.084587,1,0,0.000000,30,0.004800,0.017223,0.017223,0.012423
2022,1,2021-12-30,2022-01-31,115.170000,115.220000,0.114800,1,0,0.000000,32,0.005120,0.000434,0.000434,-0.004686
2022,2,2022-01-31,2022-02-28,115.220000,115.110000,0.097647,1,0,0.000000,28,0.004480,-0.000955,-0.000955,-0.005435
2022,3,2022-02-28,2022-03-31,115.110000,121.440000,0.079021,1,0,0.000000,31,0.004960,0.054991,0.054991,0.050031
2022,4,2022-03-31,2022-04-29,121.440000,129.840000,0.097912,1,0,0.000000,29,0.004640,0.069170,0.069170,0.064530
2022,5,2022-04-29,2022-05-31,129.840000,128.530000,0.187597,1,0,0.000000,32,0.005120,-0.010089,-0.010089,-0.015209
2022,6,2022-05-31,2022-06-30,128.530000,135.690000,0.174541,1,0,0.000000,30,0.004800,0.055707,0.055707,0.050907
2022,7,2022-06-30,2022-07-29,135.690000,133.250000,0.221882,1,0,0.000000,29,0.004640,-0.017982,-0.017982,-0.022622
2022,8,2022-07-29,2022-08-31,133.250000,138.690000,0.216562,1,0,0.000000,33,0.005280,0.040826,0.040826,0.035546
2022,9,2022-08-31,2022-09-30,138.690000,144.710000,0.260245,1,0,0.000000,30,0.004800,0.043406,0.043406,0.038606
2022,10,2022-09-30,2022-10-31,144.710000,148.630000,0.297848,1,0,0.000000,31,0.004960,0.027089,0.027089,0.022129
2022,11,2022-10-31,2022-11-30,148.630000,139.310000,0.303429,1,0,0.000000,30,0.004800,-0.062706,-0.062706,-0.067506
2022,12,2022-11-30,2022-12-30,139.310000,131.810000,0.230436,1,0,0.000000,30,0.004800,-0.053837,-0.053837,-0.058637
2023,1,2022-12-30,2023-01-31,131.810000,130.170000,0.144482,1,0,0.000000,32,0.005120,-0.012442,-0.012442,-0.017562
2023,2,2023-01-31,2023-02-28,130.170000,136.090000,0.129752,1,0,0.000000,28,0.004480,0.045479,0.045479,0.040999
2023,3,2023-02-28,2023-03-31,136.090000,132.750000,0.182260,1,0,0.000000,31,0.004960,-0.024543,-0.024543,-0.029503
2023,4,2023-03-31,2023-04-28,132.750000,135.990000,0.093132,1,0,0.000000,28,0.004480,0.024407,0.024407,0.019927
2023,5,2023-04-28,2023-05-31,135.990000,139.780000,0.038567,1,0,0.000000,33,0.005280,0.027870,0.027870,0.022590
2023,6,2023-05-31,2023-06-30,139.780000,144.470000,0.087528,1,0,0.000000,30,0.004800,0.033553,0.033553,0.028753
2023,7,2023-06-30,2023-07-31,144.470000,142.180000,0.064706,1,0,0.000000,31,0.004960,-0.015851,-0.015851,-0.020811
2023,8,2023-07-31,2023-08-31,142.180000,145.680000,0.067017,1,0,0.000000,31,0.004960,0.024617,0.024617,0.019657
2023,9,2023-08-31,2023-09-29,145.680000,149.430000,0.050400,1,0,0.000000,29,0.004640,0.025741,0.025741,0.021101
2023,10,2023-09-29,2023-10-31,149.430000,151.460000,0.034476,1,0,0.000000,32,0.005120,0.013585,0.013585,0.008465
2023,11,2023-10-31,2023-11-30,151.460000,147.870000,0.019041,1,0,0.000000,30,0.004800,-0.023703,-0.023703,-0.028503
2023,12,2023-11-30,2023-12-29,147.870000,140.920000,0.061446,1,0,0.000000,29,0.004640,-0.047001,-0.047001,-0.051641
2024,1,2023-12-29,2024-01-31,140.920000,146.260000,0.058276,1,0,0.000000,33,0.005280,0.037894,0.037894,0.032614
2024,2,2024-01-31,2024-02-29,146.260000,149.900000,0.123608,1,0,0.000000,29,0.004640,0.024887,0.024887,0.020247
2024,3,2024-02-29,2024-03-29,149.900000,151.220000,0.103667,1,0,0.000000,29,0.004640,0.008806,0.008806,0.004166
2024,4,2024-03-29,2024-04-30,151.220000,157.540000,0.139477,1,0,0.000000,32,0.005120,0.041793,0.041793,0.036673
2024,5,2024-04-30,2024-05-31,157.540000,157.190000,0.146997,1,0,0.000000,31,0.004960,-0.002222,-0.002222,-0.007182
2024,6,2024-05-31,2024-06-28,157.190000,160.880000,0.132983,1,0,0.000000,28,0.004480,0.023475,0.023475,0.018995
2024,7,2024-06-28,2024-07-31,160.880000,150.380000,0.111664,1,0,0.000000,33,0.005280,-0.065266,-0.065266,-0.070546
2024,8,2024-07-31,2024-08-30,150.380000,145.950000,0.049114,1,0,0.000000,30,0.004800,-0.029459,-0.029459,-0.034259
2024,9,2024-08-30,2024-09-30,145.950000,143.250000,0.001853,1,0,0.000000,31,0.004960,-0.018499,-0.018499,-0.023459
2024,10,2024-09-30,2024-10-31,143.250000,152.350000,-0.041357,-1,2,0.001000,31,0.004960,0.063525,-0.063525,-0.069485
2024,11,2024-10-31,2024-11-29,152.350000,150.410000,0.009208,1,2,0.001000,29,0.004640,-0.012734,-0.012734,-0.018374
2024,12,2024-11-29,2024-12-31,150.410000,157.370000,0.017177,1,0,0.000000,32,0.005120,0.046274,0.046274,0.041154
2025,1,2024-12-31,2025-01-31,157.370000,154.910000,0.109099,1,0,0.000000,31,0.004960,-0.015632,-0.015632,-0.020592
2025,2,2025-01-31,2025-02-28,154.910000,150.640000,0.059721,1,0,0.000000,28,0.004480,-0.027564,-0.027564,-0.032044
2025,3,2025-02-28,2025-03-31,150.640000,149.900000,0.004937,1,0,0.000000,31,0.004960,-0.004912,-0.004912,-0.009872
2025,4,2025-03-31,2025-04-30,149.900000,142.630000,-0.008729,-1,2,0.001000,30,0.004800,-0.048499,0.048499,0.042699
2025,5,2025-04-30,2025-05-30,142.630000,144.180000,-0.094643,-1,0,0.000000,30,0.004800,0.010867,-0.010867,-0.015667
2025,6,2025-05-30,2025-06-30,144.180000,144.170000,-0.079487,-1,0,0.000000,31,0.004960,-0.000069,0.000069,-0.004891
2025,7,2025-06-30,2025-07-31,144.170000,150.600000,-0.103866,-1,0,0.000000,31,0.004960,0.044600,-0.044600,-0.049560
2025,8,2025-07-31,2025-08-29,150.600000,146.900000,0.001463,1,2,0.001000,29,0.004640,-0.024568,-0.024568,-0.030208
2025,9,2025-08-29,2025-09-30,146.900000,147.970000,0.013243,1,0,0.000000,32,0.005120,0.007284,0.007284,0.002164
2025,10,2025-09-30,2025-10-31,147.970000,154.050000,0.032949,1,0,0.000000,31,0.004960,0.041089,0.041089,0.036129
2025,11,2025-10-31,2025-11-28,154.050000,156.170000,0.011159,1,0,0.000000,28,0.004480,0.013762,0.013762,0.009282
2025,12,2025-11-28,2025-12-31,156.170000,156.800000,0.036366,1,0,0.000000,33,0.005280,0.004034,0.004034,-0.001246
2026,1,2025-12-31,2026-01-30,156.800000,154.340000,-0.003622,-1,2,0.001000,30,0.004800,-0.015689,0.015689,0.009889
2026,2,2026-01-30,2026-02-27,154.340000,156.050000,-0.000518,-1,0,0.000000,28,0.004480,0.011079,-0.011079,-0.015559
2026,3,2026-02-27,2026-03-31,156.050000,159.080000,0.041722,1,2,0.001000,32,0.005120,0.019417,0.019417,0.013297
2026,4,2026-03-31,2026-04-30,159.080000,156.660000,0.061241,1,0,0.000000,30,0.004800,-0.015212,-0.015212,-0.020012
2026,5,2026-04-30,2026-05-29,156.660000,159.230000,0.098366,1,0,0.000000,29,0.004640,0.016405,0.016405,0.011765
2026,6,2026-05-29,2026-06-30,159.230000,162.610000,0.105073,1,0,0.000000,32,0.005120,0.021227,0.021227,0.016107
2026,7,2026-06-30,2026-07-31,162.610000,159.160000,0.127905,1,0,0.000000,31,0.004960,-0.021216,-0.021216,-0.026176
2026,8,2026-07-31,2026-08-31,159.160000,159.740000,0.056839,1,0,0.000000,31,0.004960,0.003644,0.003644,-0.001316
